store_id,store_address,store_city,store_province,store_postalCode
0022,1500 AVENUE ATWATER,MONTREAL,QC,H3Z 1X5
0085,200 BOUL. GREBER,GATINEAU,QC,J8T 6K2
0152,106 ROBIE ST,TRURO,NS,B2N 1L1
0176,1015 REGENT ST,FREDERICTON,NB,E3B 3Y9
0202,2888 GRANVILLE ST,VANCOUVER,BC,V6H 3J5
0275,1116 LAKESIDE DR,NELSON,BC,V1L 5Z3
0280,1755 EAST BROADWAY,VANCOUVER,BC,V5N 1W2
0313,254 87 AVE & 156 ST,EDMONTON,AB,T5R 5W9
0325,8060 SILVER SPRINGS BLVD NW,CALGARY,AB,T3B 4W7
0353,150 MILLRISE BLVD S.W.,CALGARY,AB,T2Y 5G7
0416,3310 8TH ST. E.,SASKATOON,SK,S7H 5M3
0591,193 IRVING BLVD.,BOUCTOUCHE,NB,E4S 3K4
0707,265 GUELPH ST.,GEORGETOWN,ON,L7G 4B1
0863,5230 DUNDAS ST. W.,ETOBICOKE,ON,M9B 1A8
0872,6428 YONGE STREET,NORTH YORK,ON,M2M 3X4
0905,1585 MISSISSAUGA VALLEY BLVD,MISSISSAUGA,ON,L5A 3W9
0945,181 BAY ST,TORONTO,ON,M5J 2T3
1014,4630 HIGHWAY # 7 E,MARKHAM,ON,L3R 1M5
1087,250 KING ST W,KITCHENER,ON,N2G 1B6
1118,11500 TECUMSEH ROAD E,WINDSOR,ON,N8N 1L7
1152,320 COLBORNE ST.W,BRANTFORD,ON,N3T 1M2
1199,10088 MCLAUGHLIN RD,BRAMPTON,ON,L7A 2X6
1204,270 MUD STREET W,STONEY CREEK,ON,L8J 3Z6
1248,4901 39 STREET,ST. PAUL,AB,T0A 3A0
1282,9200 DUFFERIN STREET,VAUGHAN,ON,L4K 0C6
1330,946 LAWRENCE AVE EAST,TORONTO,ON,M3C 1R1
1333,351 QUEEN ST. E.,TORONTO,ON,M5A 1T2
1370,1199 GODERICH STREET,PORT ELGIN,ON,N0H 2C3
1442,4744 BANK STREET,OTTAWA,ON,K1T 0K8
1484,3505 UPPER MIDDLE ROAD,BURLINGTON,ON,L7M 4C6
1498,1285 YORK MILLS ROAD,TORONTO,ON,M3A 1Z5
1541,320 MAIN STREET SOUTH,ALEXANDRIA,ON,K0C 1A0
1838,4999 CHEMIN QUEEN MARY,MONTREAL,QC,H3W 1X4
1859,21 GEORGES - GAGNE,DELSON,QC,J5B 2E4
1909,1160 ST-JOSEPH,GATINEAU,QC,J8Z 1T3
2218,510 5TH STREET,NANAIMO,BC,V9R 1P1
2250,343 4800 KINGSWAY,BURNABY,BC,V5H 4J2
2393,317 7TH AVE SW,CALGARY,AB,T2P 2Y9
2478,12745 50TH ST NW,EDMONTON,AB,T5A 4L8
6024,51 QUAY RD.,BADGER'S QUAY,NL,A0G 1B0
0074,2880 REMEMBRANCE,MONTREAL,QC,H8S 1X8
0105,454 GRANVILLE ST.,SUMMERSIDE,PE,C1N 4K7
0170,157 WATER ST,CAMPBELLTON,NB,E3N 3L4
0178,263 MAIN ST,CHIPMAN,NB,E4A 2H2
0447,800 15TH ST  E,PRINCE ALBERT,SK,S6V 8E3
0533,1155 MAIN ST.,WINNIPEG,MB,R2W 3S4
0574,160 MAIN STREET,LEWISPORTE,NL,A0G 3A0
0595,5138 ROUTE 113,HAUT LAMEQUE,NB,E8T 3L4
0643,3781 STRANDHERD DRIVE,NEPEAN,ON,K2J 5M4
0678,640 RIVER ST,THUNDER BAY,ON,P7A 3S4
0692,399 GREENHILL AVE,HAMILTON,ON,L8K 6N5
0695,920 SOUTHDOWN ROAD,MISSISSAUGA,ON,L5J 2Y4
0706,351 CORNWALL ROAD,OAKVILLE,ON,L6J 7Z5
0727,75 KING ST. S.,WATERLOO,ON,N2J 1P2
0732,467 WHARNCLIFFE RD S.,LONDON,ON,N6J 2M8
0807,20 BLOOR ST E,TORONTO,ON,M4W 3G7
0982,1601 BAYVIEW AVE,TORONTO,ON,M4G 3B5
0990,1597 WILSON AVENUE,NORTH YORK,ON,M3L 1A5
0994,755 DANFORTH AVE,TORONTO,ON,M4J 1L2
1005,1090 KING ST  W,TORONTO,ON,M6K 0C7
1028,420 ESSA ROAD,BARRIE,ON,L4N 9J7
1085,375 ERAMOSA RD,GUELPH,ON,N1E 2N1
1111,5 TALBOT ST S,ESSEX,ON,N8M 1A6
1122,6020 MALDEN RD,LASALLE,ON,N9H 1S8
1126,"500 MANNING ROAD, RR#1",TECUMSEH,ON,N8N 5H3
1179,8865 YONGE STREET,RICHMOND HILL,ON,L4C 6Z1
1224,15 WESTNEY RD N,AJAX,ON,L1T 1P4
1245,2755 LAURIER STREET,ROCKLAND,ON,K4K 1A3
1316,703 NOTRE DAME STREET,EMBRUN,ON,K0A 1W1
1334,310 FAIRWAY ROAD S,KITCHENER,ON,N2C 1X3
1499,100 CITY CENTRE DRIVE,MISSISSAUGA,ON,L5B 2C9
1525,901 RED RIVER ROAD,THUNDER BAY,ON,P7B 1K3
1918,1301 CURE-POIRIER OUEST,LONGUEUIL,QC,J4K 2G6
2208,32530 LOUGHEED HIGHWAY,MISSION,BC,V2V 1A5
2464,22B GREAT PLAINS ROAD,EMERALD PARK,SK,S4L 1B6
2471,5009 50TH AVE,VERMILION,AB,T9X 1A7
0038,4600 BLVD. SAMSON,LAVAL,QC,H7W 2H3
0122,250 LE MARCHANT RD,ST. JOHN'S,NL,A1E 1P7
0276,7100 ALBERNI ST,POWELL RIVER,BC,V8A 5K9
0357,5015 50TH STREET,PONOKA,AB,T4J 0C1
0359,2525 36TH ST. N.E.,CALGARY,AB,T1Y 5T4
0371,3945 34TH STREET,EDMONTON,AB,T6T 1L5
0434,627 MAIN ST,HUMBOLDT,SK,S0K 2A0
0532,2656 PEMBINA HIGHWAY,WINNIPEG,MB,R3T 2H6
0546,230 MAIN ST,SELKIRK,MB,R1A 1R9
0592,25 CARTIER BLVD.,RICHIBUCTO,NB,E4W 3W7
0667,220 ONTARIO ST,ELLIOT LAKE,ON,P5A 1Y5
0669,44 GREAT NORTHERN RD.,SAULT STE. MARIE,ON,P6B 4Y5
0679,425 NORTH EDWARD ST.,THUNDER BAY,ON,P7C 4P7
0782,5125 MONTROSE RD,NIAGARA FALLS,ON,L2H 1K7
0797,600 ONTARIO ST.,ST. CATHARINES,ON,L2N 7H8
0981,20 DAVIS DRIVE,NEWMARKET,ON,L3Y 2M7
1071,78 FRONT ST E,STRATHROY,ON,N7G 1Y7
1112,5050 TECUMSEH RD E,WINDSOR,ON,N8T 1C1
1170,9306 BATHURST STREET,VAUGHAN,ON,L6A 4N7
1210,649 YONGE ST,BARRIE,ON,L4N 4E7
1376,7205 GOREWAY DRIVE,MISSISSAUGA,ON,L4T 2T9
1489,593 DUNDAS STREET EAST,TORONTO,ON,M5A 3H6
1539,778 BANK STREET,OTTAWA,ON,K1S 3V6
1912,1000 WELLINGTON STREET,MONTREAL,QC,H3C 1V4
1926,4850 HENRI-BOURASSA,QUEBEC,QC,G1H 3A7
2030,30 BOND STREET,GRAND FALLS-WINDSOR,NL,A2B 1J4
2228,7160 KERR STREET,VANCOUVER,BC,V5S 4W2
2254,288 EAST COLUMBIA STREET,NEW WESTMINSTER,BC,V3L 0E7
2368,6601 48 AVENUE,CAMROSE,AB,T4V 3G8
2431,401 COOPERS BLVD SW,AIRDRIE,AB,T4B 4J3
2466,4420 ROCHDALE BLVD,REGINA,SK,S4X 4N9
0009,3050 BOUL. DE PORTLAND,SHERBROOKE,QC,J1L 1K1
0018,4815 VAN HORNE,MONTREAL,QC,H3W 1J2
0055,6411 SHERBROOKE OUEST,MONTREAL,QC,H4B 1N3
0133,5595 FENWICK ST,HALIFAX,NS,B3H 4M2
0158,433 MAIN ST,WOLFVILLE,NS,B4P 1E1
0189,5 FIRST AVE,PASADENA,NL,A0L 1K0
0370,8121 118 AVE NW,EDMONTON,AB,T5B 0R9
0618,1355 KINGSTON RD,PICKERING,ON,L1V 1B8
0670,1349 LASALLE BLVD,SUDBURY,ON,P3A 1Z2
0708,265 MAIN ST. E.,MILTON,ON,L9T 1P1
0815,321 LAKESHORE ROAD WEST,MISSISSAUGA,ON,L5H 1G9
0865,125 THE QUEENSWAY,ETOBICOKE,ON,M8Y 1H6
0933,2266 MAJOR MACKENZIE DR,MAPLE,ON,L6A 3Y7
1026,463 COLLEGE STREET,TORONTO,ON,M6G 4C1
1027,399 BATHURST ST,TORONTO,ON,M5T 2S8
1047,113 HERKIMER ST,HAMILTON,ON,L8P 2G8
1209,1011 PRINCESS STREET,KINGSTON,ON,K7L 1H3
1251,1 KING AVENUE EAST,NEWCASTLE,ON,L1B 1H3
1324,1102 KLONDIKE ROAD,KANATA,ON,K2K 1X7
1383,221 ARGYLE STREET SOUTH,CALEDONIA,ON,N3W 1K7
1385,2920 MAJOR MACKENZIE DRIVE EAST,MARKHAM,ON,L6C 0G6
1527,1582 BANK STREET,OTTAWA,ON,K1H 7Z5
1806,2530 BOUL DES SALABERRY,MONTREAL,QC,H3M 1L3
1812,401 BOUL. LABELLE,ROSEMERE,QC,J7A 3T2
1819,3325 JARRY STREET EAST,MONTREAL,QC,H1Z 2E5
1937,1120 RUE STE-CATHERINE OUEST,MONTREAL,QC,H3B 1H4
1957,4675 JEAN-TALON EAST,MONTREAL,QC,H1S 1K3
2213,870 ESQUIMALT RD,VICTORIA,BC,V9A 3M4
2214,1965 COLUMBIA AVENUE,CASTLEGAR,BC,V1N 2W8
2289,2330 KINGSWAY,VANCOUVER,BC,V5R 5G9
2300,100 665 ST ALBERT ROAD,ST. ALBERT,AB,T8N 3L3
2360,836 FIRST AVENUE WEST,AIRDRIE,AB,T4B 2R3
2374,15969 97TH STREET NW,EDMONTON,AB,T5X 0C7
2440,6290 199 STREET,EDMONTON,AB,T5T 2K4
2444,6670 ROBLIN BLVD,WINNIPEG,MB,R3R 1X1
0024,1005 BOUL LAURE,SEPT-ILES,QC,G4R 4S6
0080,3781 DES SOURCES,DOLLARD DES ORMEAUX,QC,H9B 2K4
0132,255 COMMERCIAL ST,GLACE BAY,NS,B1A 3C3
0180,387 MAIN STREET,SHEDIAC,NB,E4P 2B5
0228,9100 BLUNDELL RD,RICHMOND,BC,V6Y 3X9
0267,10153 KING GEORGE HWY,SURREY,BC,V3T 2W1
0274,10351 100TH ST,FORT ST. JOHN,BC,V1J 3Z2
0305,5628 4TH STREET N.W.,CALGARY,AB,T2K 1B2
0341,"70 MCLEOD AVE., HWY. 16",SPRUCE GROVE,AB,T7X 3C7
0343,5207 48TH STREET,ROCKY MOUNTAIN HOUSE,AB,T4T 0B1
0599,3528 RUE PRINCIPALE,TRACADIE-SHEILA,NB,E1X 1C9
0725,435 STONE ROAD WEST,GUELPH,ON,N1G 2X6
0822,700 BAY ST,TORONTO,ON,M5G 1Z6
0847,7060 WARDEN AVE,MARKHAM,ON,L3R 5Y2
0949,69 YONGE ST,TORONTO,ON,M5E 1K3
0983,199 WENTWORTH ST. W.,OSHAWA,ON,L1J 6P4
0984,2000 QUEEN ST. E.,TORONTO,ON,M4L 1J2
0986,4841 YONGE ST.,WILLOWDALE,ON,M2N 5X2
1002,100 10th STREET WEST,OWEN SOUND,ON,N4K 3P9
1052,1900 KING ST E,HAMILTON,ON,L8K 1W1
1171,333 DUNDAS ST,WOODSTOCK,ON,N4S 1B5
1266,3737 MAJOR MACKENZIE DRIVE,VAUGHAN,ON,L4H 0A2
1288,761 KING STREET WEST,TORONTO,ON,M5V 1N4
1824,1768 BOUL DES LAURENTIDES,LAVAL,QC,H7M 2P6
1827,4933 DES SOURCES,MONTREAL,QC,H8Y 3E1
1871,6000 HENRI BOURRASSA EST,MONTREAL,QC,H1G 2T6
1949,325 RUE ST-JEROME,MATANE,QC,G4W 3A8
1979,100 RUE DU TERMINUS OUEST,ROUYN-NORANDA,QC,J9X 6H7
2107,250 221 IOCO ROAD,PORT MOODY,BC,V3H 4H2
2207,102 22441 DEWDNEY TRUNK RD,MAPLE RIDGE,BC,V2X 7X7
2241,2871 LIVINGSTONE AVENUE,ABBOTSFORD,BC,V2T 0E2
2267,1972 KANE ROAD,KELOWNA,BC,V1V 3C4
2294,2748 EAST HASTINGS STREET,VANCOUVER,BC,V5K 1Z9
2420,"120 5TH AVENUE WEST, UNIT 100",COCHRANE,AB,T4C 0A4
0040,585 ST-CHARLES,VAUDREUIL,QC,J7V 8P9
0126,246 MEMORIAL DR,CLARENVILLE,NL,A5A 1N9
0144,5068 HIGHWAY #10,NEW GERMANY,NS,B0R 1E0
0198,370 CONNELL STREET,WOODSTOCK,NB,E7M 5G9
0230,3417 31ST AVENUE,VERNON,BC,V1T 2H6
0253,7155 KINGSWAY,BURNABY,BC,V5E 2V1
0263,885 WEST BROADWAY,VANCOUVER,BC,V5Z 1J9
0350,5500 FALSBRIDGE DR. N.E.,CALGARY,AB,T3J 5J6
0360,9701 84TH AVE,GRANDE PRAIRIE,AB,T8V 4Z8
0383,13310 111 AVENUE,EDMONTON,AB,T5M 3L1
0385,1436 KENSINGTON RD NW,CALGARY,AB,T2N 3P9
0408,5875 ROCHDALE BLVD.,REGINA,SK,S4X 2P9
0442,209 MAIN ST,MELFORT,SK,S0E 1A0
0506,550 EGLINTON AVE  W,TORONTO,ON,M5N 1B6
0534,3665 PORTAGE AVE W,WINNIPEG,MB,R3K 2G6
0580,110 CROWN STREET,SAINT JOHN,NB,E2L 2X7
0607,136 PRINCESS STREET,KINGSTON,ON,K7L 1A7
0619,83 DUNDAS ST W,TRENTON,ON,K8V 3P4
0622,2148 CARLING AVE,OTTAWA,ON,K2A 1H1
0802,333 MOUNTAINVIEW RD. S.,GEORGETOWN,ON,L7G 6E8
0829,265 PORT UNION RD.,SCARBOROUGH,ON,M1C 2L3
0843,1515 STEELES AVE. E.,TORONTO,ON,M2M 3Y7
0879,2343 EGLINTON AVENUE WEST,TORONTO,ON,M6E 2L6
0967,314 HARWOOD AVE S,AJAX,ON,L1S 2J1
0998,665 STONEHAVEN AVENUE,NEWMARKET,ON,L3X 2G2
1018,1865 SCUGOG STREET,PORT PERRY,ON,L9L 1J3
1062,530 COMMISSIONERS RD. W,LONDON,ON,N6J 1Y6
1168,252 QUEEN STREET,ACTON,ON,L7J 1P6
1214,1840 EGLINTON AVE W,TORONTO,ON,M6E 2J4
1337,300 MEMORIAL AVENUE,THUNDER BAY,ON,P7B 3Y2
1365,1935 PARIS STREET,SUDBURY,ON,P3E 3C6
1444,511 HURON STREET,STRATFORD,ON,N5A 5T8
1458,620 KING STREET WEST,HAMILTON,ON,L8P 1C2
1493,3035 APPLEBY LINE,BURLINGTON,ON,L7M 0V7
1538,85 BOLTON STREET,BOBCAYGEON,ON,K0M 1A0
1589,5215 50 AVENUE,WETASKIWIN,AB,T9A 0S7
1801,2759 SHERBROOKE EST,MONTREAL,QC,H2K 1G9
1804,204 DURAND,ST JEROME,QC,J7Z 7E2
1836,1130 DE LA CHAUDIERE,QUEBEC,QC,G1Y 3J9
1921,682 ROYALE,QUEBEC,QC,G1E 1Z2
1935,92 2 EME RUE OUEST,RIMOUSKI,QC,G5L 8B3
2112,3387 DAVID AVENUE,COQUITLAM,BC,V3E 0K4
2122,7816 EAST SAANICH ROAD,SAANICHTON,BC,V8M 2B3
2127,4303 HASTINGS STREET,BURNABY,BC,V5C 2J7
2215,140 EAST ISLAND HWY,PARKSVILLE,BC,V9P 2G5
2304,2440 DIVISION AVENUE NW,MEDICINE HAT,AB,T1C 1Z2
2355,28 CROWFOOT TERRACE NW,CALGARY,AB,T3G 4J8
2442,100 RANCH MARKET,STRATHMORE,AB,T1P 0A8
2502,50 SAGE CREEK BLVD,WINNIPEG,MB,R3X 0J6
0098,4955 RUE ST-PIERRE,PIERREFONDS,QC,H9H 5M9
0185,500 COVERDALE RD,RIVERVIEW,NB,E1B 3K2
0279,610 6TH ST,NEW WESTMINSTER,BC,V3L 3C2
0352,584 RIVERBEND SQUARE NW,EDMONTON,AB,T6R 2E3
0411,201 1ST AVENUE SOUTH,SASKATOON,SK,S7K 1J9
0561,235 VERMILLION RD,WINNIPEG,MB,R2J 3Z7
0590,320 ELMWOOD DRIVE,MONCTON,NB,E1A 6V2
0627,1469 MERIVALE ROAD,OTTAWA,ON,K2E 5N9
0638,1821 ROBERTSON ROAD,OTTAWA,ON,K2H 8X3
0664,276 LAKESHORE DR,NORTH BAY,ON,P1A 2C2
0691,210 MOHAWK ROAD EAST UNIT.#1,HAMILTON,ON,L9A 2H6
0728,550 KING ST. N.,WATERLOO,ON,N2L 5W6
0735,3029 CLAYHILL RD,MISSISSAUGA,ON,L5B 4L2
0742,101 OSLER DRIVE,DUNDAS,ON,L9H 4H4
0752,661 UPPER JAMES ST.,HAMILTON,ON,L9C 5R8
0771,2126 BURNHAMTHORPE RD. W,MISSISSAUGA,ON,L5L 3A2
0784,125 CARLTON STREET,ST. CATHARINES,ON,L2R 1R5
0859,2751 EGLINTON AVE EAST,SCARBOROUGH,ON,M1J 2C7
0897,10620 YONGE STREET,RICHMOND HILL,ON,L4C 3C8
0907,6040 GLEN ERIN DR,MISSISSAUGA,ON,L5N 3M4
1077,1155 COMMISSIONERS RD.E.,LONDON,ON,N5Z 4L9
1140,10 STANLEY ST,BRANTFORD,ON,N3S 7N4
1186,275 FOURTH AVE,ST. CATHARINES,ON,L2S 0C2
1302,3151 STRANDHERD DRIVE,NEPEAN,ON,K2J 5N1
1319,510 CONCESSION STREET,HAMILTON,ON,L9A 1C4
1387,3080 CARLING AVENUE,OTTAWA,ON,K2B 7K2
1399,91 RYLANDER BLVD,SCARBOROUGH,ON,M1B 5M5
1425,12277 10TH LINE,STOUFFVILLE,ON,L4A 7W6
1447,10665 BRAMALEA ROAD,BRAMPTON,ON,L6R 3P4
1800,3861 ST- LAURENT,MONTREAL,QC,H2W 1Y1
1823,1025 JEAN-TALON EST,MONTREAL,QC,H2R 1V6
1856,757 ARTHUR SAUVE,ST EUSTACHE,QC,J7R 4K3
1911,2655 BOUL DU ROYAUME,SAGUENAY,QC,G7S 4S9
1924,2880 CHEMIN DES QUATRE-BOURGEOIS,QUEBEC,QC,G1V 4X7
1945,205 TASCHEREAU BLVD,LA PRAIRIE,QC,J5R 4H9
2115,20151 FRASER HIGHWAY,LANGLEY,BC,V3A 4E4
2205,20159 88TH AVENUE,LANGLEY,BC,V1M 0A4
2227,432 S.W. MARINE DRIVE,VANCOUVER,BC,V5X 0C4
2463,3014 MCCLOCKLIN ROAD,SASKATOON,SK,S7R 0J1
0004,4260 WELLINGTON,MONTREAL,QC,H4G 1W2
0048,179 25 IEME AVENUE,ST-EUSTACHE,QC,J7P 2V1
0065,600 BOUL. LAURIER,BELOEIL,QC,J3G 4J2
0107,286 CONCEPTION BAY HWY,BAY ROBERTS,NL,A0A 1G0
0140,912 EAST RIVER RD,NEW GLASGOW,NS,B2H 3S8
0155,56 STARRS RD,YARMOUTH,NS,B5A 2T4
0179,2 HERALD AVE,CORNER BROOK,NL,A2H 2M5
0212,1583 MARINE DR,WEST VANCOUVER,BC,V7V 1H9
0291,1199 LYNN VALLEY RD,NORTH VANCOUVER,BC,V7J 3H2
0315,11801 100TH ST,GRANDE PRAIRIE,AB,T8V 3Y2
0387,9980 137TH AVENUE NW,EDMONTON,AB,T5E 6W1
0403,11412 RAILWAY AVE  E,NORTH BATTLEFORD,SK,S9A 3G8
0538,785 DAKOTA ST.,WINNIPEG,MB,R2M 5M3
0556,1128 HENDERSON HWY,WINNIPEG,MB,R2G 3Z7
0613,6579 HIGHWAY 7 EAST,MARKHAM,ON,L3P 3B4
0620,1180 WALKLEY ROAD,OTTAWA,ON,K1V 2M5
0637,2012 OGILVIE RD,GLOUCESTER,ON,K1J 7N9
0665,2025 CASSELLS ST.,NORTH BAY,ON,P1B 4E1
0761,7720 TECUMSEH ROAD EAST,WINDSOR,ON,N8T 1E9
0776,2470 HURONTARIO STREET,MISSISSAUGA,ON,L5B 0H2
0814,2494 DANFORTH AVE,TORONTO,ON,M4C 1K9
0820,1084 WILSON AVE,TORONTO,ON,M3K 1G6
0835,935 EGLINTON AVENUE WEST,YORK,ON,M6C 2C3
0895,51 UNDERHILL DR,NORTH YORK,ON,M3A 2J8
0996,2297 LAKESHORE RD W,OAKVILLE,ON,L6L 1H2
1042,503 PLAINS RD EAST,BURLINGTON,ON,L7T 2E2
1065,1224 COMMISSIONERS RD.W.,LONDON,ON,N6K 1C7
1088,11 ARTHUR ST NORTH,ELMIRA,ON,N3B 1Z4
1106,3950 DOUGALL AVE,WINDSOR,ON,N9G 1X2
1148,118 TOWER HILL ROAD,RICHMOND HILL,ON,L4E 0K6
1182,10 ALKENBRACK STREET,NAPANEE,ON,K7R 0A6
1218,2211 BRANT STREET,BURLINGTON,ON,L7P 0A1
1240,3366 YONGE STREET,TORONTO,ON,M4N 2M7
1278,1186 OXFORD STREET WEST,LONDON,ON,N6H 4N2
1335,255 MORNINGSIDE AVENUE,SCARBOROUGH,ON,M1E 3E6
1381,1780 MARKHAM ROAD,SCARBOROUGH,ON,M1B 2W2
1530,186 HIGHLAND STREET,HALIBURTON,ON,K0M 1S0
1826,575 CHEMIN DE LA TOURAINE,BOUCHERVILLE,QC,J4B 5E4
1904,1780 CHEMIN SAINTE ANGELIQUE,SAINT LAZARE,QC,J7T 2X8
1908,4290 ONTARIO EAST,MONTREAL,QC,H1V 0B1
2118,3868 STEVESTON HIGHWAY,RICHMOND,BC,V7E 2K1
2160,333 BROOKSBANK AVENUE,NORTH VANCOUVER,BC,V7J 3S8
2274,2607 EAST 49TH AVE,VANCOUVER,BC,V5S 1J9
2282,350 ROSS STREET,KIMBERLEY,BC,V1A 2Z9
2314,380 UNIVERSITY DRIVE,LETHBRIDGE,AB,T1J 5C9
2328,1200 MARKET STREET SE,AIRDRIE,AB,T4A 0K9
2405,4940 137 AVENUE NW,EDMONTON,AB,T5Y 2V4
2436,873 85TH STREET SW,CALGARY,AB,T3H 0J5
2467,125 KENSINGTON AVENUE,SASKATOON,SK,S7L 6V7
0016,1200 BOUL. ALPHONSE DESJARDINS,LEVIS,QC,G6V 6Y8
0050,1050 AVENUE DU PONT SUD,ALMA,QC,G8B 2V8
0052,1051 DECARIE BLVD,MONTREAL,QC,H4L 3M8
0112,39 MAIN ST,PORT AUX BASQUES,NL,A0M 1C0
0128,80 TACOMA DR,DARTMOUTH,NS,B2W 3E5
0153,634 REEVES ST,PORT HAWKESBURY,NS,B9A 2R7
0163,939 ST. PETER AVE,BATHURST,NB,E2A 2Z3
0251,552 CLARKE RD,COQUITLAM,BC,V3J 3X5
0271,1305 CEDAR AVE,TRAIL,BC,V1R 4C3
0344,10200 102 AVE NW,EDMONTON,AB,T5J 4B7
0368,131 CENTURY CROSSING ROAD,SPRUCE GROVE,AB,T7X 0C8
0375,16504 95 STREET NE,EDMONTON,AB,T5Z 3L7
0378,9360 SOUTHFORT DRIVE,FORT SASKATCHEWAN,AB,T8L 0C5
0399,4911 49TH ST.,YELLOWKNIFE,NT,X1A 0A2
0671,227 ALGONQUIN BLVD WEST,TIMMINS,ON,P4N 2R8
0738,107 EDWARD STREET,ST. THOMAS,ON,N5P 1Y8
0746,9200 WESTON RD,VAUGHAN,ON,L4H 2P8
0795,825 ONTARIO ROAD,WELLAND,ON,L3B 5V6
0831,1 QUEENSGATE BLVD,BOLTON,ON,L7E 2X7
0906,1891 RATHBURN RD. E.,MISSISSAUGA,ON,L4W 3Z3
0911,2401 HIGHWAY #2,BOWMANVILLE,ON,L1C 4V4
0926,1027 YONGE ST,TORONTO,ON,M4W 2K9
0965,8000 BATHURST STREET,THORNHILL,ON,L4J 0B8
1032,510 EXMOUTH STREET,SARNIA,ON,N7T 5P3
1097,211 ONTARIO STREET,STRATFORD,ON,N5A 3H3
1167,3100 GARDEN STREET,WHITBY,ON,L1R 2G8
1226,2727 COUNTY ROAD #43,KEMPTVILLE,ON,K0G 1J0
1243,322 RIDEAU STREET,OTTAWA,ON,K1N 5Y5
1258,702 BANK STREET,OTTAWA,ON,K1S 3V2
1270,680 EAGLESON ROAD,KANATA,ON,K2M 2G9
1290,419 KING STREET WEST,OSHAWA,ON,L1J 2K5
1351,18 LOWER JARVIS STREET,TORONTO,ON,M5E 1N1
1510,2047 AVENUE ROAD,TORONTO,ON,M5M 4A7
1825,1 PLACE VILLE MARIE,MONTREAL,QC,H3B 3Y1
1843,1 GUYON,QUEBEC,QC,G1B 1T1
1853,2444 RENE-GAULTIER BLVD,VARENNES,QC,J3X 1X7
2386,505 MAIN STREET,AIRDRIE,AB,T4B 3K3
2448,924 91ST STREET SOUTHWEST,EDMONTON,AB,T6X 1P2
0007,1000 DU SEMINAIRE,ST-JEAN-SUR-RICHELIEU,QC,J3A 1E5
0025,3950 BOUL. DES FORGES,TROIS-RIVIERES,QC,G8Y 1V7
0061,12800 SHERBROOKE EST,MONTREAL,QC,H1A 4Y3
0195,667 FAIRVILLE BLVD,SAINT JOHN,NB,E2M 3W2
0234,2302 W. 4TH AVE,VANCOUVER,BC,V6K 1P1
0287,4030 200TH STREET,LANGLEY,BC,V3A 1K7
0326,4900 28TH STREET,RED DEER,AB,T4R 1N9
0332,6655 178TH STREET N.W.,EDMONTON,AB,T5T 4J5
0354,3800 MEMORIAL DR N.E.,CALGARY,AB,T2A 2K2
0373,500 COUNTRY HILLS BLVD NE,CALGARY,AB,T3K 4Y7
0508,1801 DUNDAS STREET EAST,WHITBY,ON,L1N 7C5
0568,64 HIGHWAY 410,BAIE VERTE,NL,A0K 1B0
0570,88 CONCEPTION BAY SOUTH HIGHWAY,CONCEPTION BAY SOUTH,NL,A1W 3A5
0605,1 WATER STREET EAST,CORNWALL,ON,K6H 6M2
0606,1236 BROOKDALE AVENUE,CORNWALL,ON,K6J 4P8
0621,1200 ST. LAURENT BLVD,OTTAWA,ON,K1K 3B8
0652,567 CUNDLES ROAD EAST,BARRIE,ON,L4M 5L1
0686,105 LAKESHORE RD,ST. CATHARINES,ON,L2N 2T6
0710,75 NIPISSING ROAD,MILTON,ON,L9T 1R3
0767,1051 WONDERLAND RD S,LONDON,ON,N6K 3X4
0781,3701 PORTAGE RD,NIAGARA FALLS,ON,L2J 2K8
0824,220 YONGE ST,TORONTO,ON,M5B 2H1
0939,1507 YONGE ST.,TORONTO,ON,M4T 1Z2
0988,174 BANK ST,OTTAWA,ON,K2P 1W6
1045,1300 GARTH ST.,HAMILTON,ON,L9C 4L7
1114,1421 GRAND MARAIS RD. W.,WINDSOR,ON,N9E 4V1
1272,128 QUEEN ST S,MISSISSAUGA,ON,L5M 1K8
1355,305 MAIN STREET SOUTH,KENORA,ON,P9N 1T4
1463,1080 BANK STREET,OTTAWA,ON,K1S 3X3
1509,2901 SHEPPARD AVE EAST,SCARBOROUGH,ON,M1T 3J3
1516,747 DON MILLS ROAD,TORONTO,ON,M3C 1T2
1555,2000 CREDIT VALLEY ROAD,MISSISSAUGA,ON,L5M 4N4
1810,6250 BOUL. COUSINEAU,LONGUEUIL,QC,J3Y 8X9
1860,6910 ST DENIS,MONTREAL,QC,H2S 2S2
1873,6815 TRANS-CANADA HIGHWAY,POINTE CLAIRE,QC,H9R 1C4
2139,801 HILCHEY ROAD,CAMPBELL RIVER,BC,V9W 0B8
2210,4460 LOUGHEED HWY,BURNABY,BC,V5C 0H6
2237,11800 CAMBIE ROAD,RICHMOND,BC,V6X 1L5
2238,101 12080 NORDEL WAY,SURREY,BC,V3W 1P6
2251,45800 PROMONTORY ROAD,CHILLIWACK,BC,V2R 5Z5
2325,300 1500 MAIN STREET ST SW,SLAVE LAKE,AB,T0G 2A4
2396,6428 28 AVENUE,EDMONTON,AB,T6L 6N3
2402,4300 SOUTH PARK AVE,STONY PLAIN,AB,T7Z 2W7
2424,139 VICTORIA EAST,BRANDON,MB,R7A 1Z1
2439,11120 ELLERSLIE ROAD SW,EDMONTON,AB,T6W 1A2
2501,1155 CONCORDIA AVENUE,WINNIPEG,MB,R2K 2M9
2511,1750 PLESSIS ROAD,WINNIPEG,MB,R3W 0H5
0035,420 BELVEDERE SUD,SHERBROOKE,QC,J1H 4B5
0057,3545 BOUL. DAGENAIS OUEST,LAVAL,QC,H7P 1V8
0066,5122 CHEMIN DE LA COTE-DES-NEIGES,MONTREAL,QC,H3T 1X8
0134,315 HERRING COVE RD,HALIFAX,NS,B3R 1V5
0143,303 MAIN ST,ANTIGONISH,NS,B2G 2C3
0213,225 ST. LAURENT AVE,QUESNEL,BC,V2J 2C8
0214,6508 EAST HASTINGS ST,BURNABY,BC,V5B 1S2
0307,755 LAKE BONAVISTA DR. S.E.,CALGARY,AB,T2J 0N3
0316,100 ANDERSON RD SE  #356,CALGARY,AB,T2J 3V1
0319,188 38 AVE & MILLWOODS RD,EDMONTON,AB,T6K 3L6
0331,180 CORNERSTONE,CAMROSE,AB,T4V 4T1
0380,550 BASELINE RD,SHERWOOD PARK,AB,T8H 2G8
0402,710 MAIN ST. N,MOOSE JAW,SK,S6H 3K5
0425,4130 ALBERT ST,REGINA,SK,S4S 3R8
0433,424 CENTRE STREET,ASSINIBOIA,SK,S0H 0B0
0612,5000 HIGHWAY 7 EAST,MARKHAM,ON,L3R 4M9
0639,1559 ALTA VISTA DR,OTTAWA,ON,K1G 0E9
0730,658 ERB ST. W.,WATERLOO,ON,N2T 2Z7
0793,800 NIAGARA ST. N.,WELLAND,ON,L3C 5Z4
0904,5100 ERIN MILLS PKWY,MISSISSAUGA,ON,L5M 4Z5
0964,1070 MAJOR MACKENZIE DR. E.,RICHMOND HILL,ON,L4S 1P3
0976,1125 BLOOR ST. E.,MISSISSAUGA,ON,L4Y 2N6
1009,247 MILL ST,ANGUS,ON,L0M 1B2
1011,971 CHEMONG RD,PETERBOROUGH,ON,K9H 7E3
1058,1 KENNEDY ROAD SOUTH,BRAMPTON,ON,L6W 3C9
1246,1300 STITTSVILLE MAIN STREET,STITTSVILLE,ON,K2S 1A3
1271,2501 THIRD LINE,OAKVILLE,ON,L6M 5A9
1308,1730 BUR OAK AVENUE,MARKHAM,ON,L6E 0H8
1338,10800 BAYVIEW AVE,RICHMOND HILL,ON,L4S 0A6
1384,220 TAUNTON ROAD EAST,WHITBY,ON,L1R 0M5
1388,2330 KENNEDY ROAD,SCARBOROUGH,ON,M1T 3H1
1426,2045 SIMCOE STREET NORTH,OSHAWA,ON,L1H 7K4
1542,1380 2ND STREET EAST,CORNWALL,ON,K6H 2B8
1831,11075 HENRI-BOURASSA BLVD,QUEBEC,QC,G1G 3X8
2123,232 BRIDGE STREET,PRINCETON,BC,V0X 1W0
2243,811 COLUMBIA STREET,NEW WESTMINSTER,BC,V3M 1B9
2276,4590 FRASER STREET,VANCOUVER,BC,V5V 4G7
2295,2490 MARINE DRIVE,WEST VANCOUVER,BC,V7V 1L1
2421,1017 MCPHILLIPS STREET,WINNIPEG,MB,R2X 2K6
2450,3715 47TH AVENUE,SYLVAN LAKE,AB,T4S 0C8
0046,900 BOUL GRIGNON,ST-JEROME,QC,J7Y 3S7
0079,8371 NEWMAN,MONTREAL,QC,H8N 1Y4
0121,77 COMMONWEALTH  AVE,MOUNT PEARL,NL,A1N 1W7
0219,1339 PEMBERTON AVE,SQUAMISH,BC,V8B 0J8
0242,2337 BEACON AVE,SIDNEY,BC,V8L 1W9
0281,6681 MARY ELLEN DRIVE,NANAIMO,BC,V9V 1T7
0593,1633 MOUNTAIN ROAD,MONCTON,NB,E1G 1A5
0603,445 PRINCESS ST.,KINGSTON,ON,K7L 1C3
0651,165 WELLINGTON ST.  W.,BARRIE,ON,L4N 1L7
0657,10 ROYAL ORCHARD BLVD,THORNHILL,ON,L3T 3C3
0713,416 ST. CLAIR ST.,CHATHAM,ON,N7L 3K5
0724,104 SILVERCREEK PKWY NORTH,GUELPH,ON,N1H 7B4
0726,2080 APPLEBY LINE,BURLINGTON,ON,L7L 6M6
0747,900 MAPLE AVE.,BURLINGTON,ON,L7S 2J8
0775,2225 ERIN MILLS PKWY.,MISSISSAUGA,ON,L5K 1T9
0851,85 ELLESMERE RD.,SCARBOROUGH,ON,M1R 4B7
0898,9275 BAYVIEW AVE.,RICHMOND HILL,ON,L4C 9X4
0021,1185 BOUL. MOODY,TERREBONNE,QC,J6W 3Z5
0027,1 PLAZA DE LA MAURICIE,SHAWINIGAN,QC,G9N 7C1
0042,1500 STE-CATHERINE OUEST,MONTREAL,QC,H3G 1S8
0169,440 KING STREET,FREDERICTON,NB,E3B 5H8
0177,180 MADAWASKA RD,GRAND FALLS,NB,E3Y 1A7
0204,370 EAST BROADWAY,VANCOUVER,BC,V5T 4G5
0233,3511 BLANSHARD STREET,VICTORIA,BC,V8Z 0B9
0266,4647 LAKELSE AVE,TERRACE,BC,V8G 1R3
0299,211 MAIN ST,WHITEHORSE,YT,Y1A 2B2
0358,6455 MACLEOD TRAIL S.,CALGARY,AB,T2H 0K3
0381,7469 101  AVE,EDMONTON,AB,T6A 3Z5
0386,9570 170 STREET NW,EDMONTON,AB,T5T 5R5
0414,2325 PRESTON AVE. S.,SASKATOON,SK,S7J 2G2
0422,2202 BROAD STREET,REGINA,SK,S4P 4V6
0601,390 NORTH FRONT ST,BELLEVILLE,ON,K8P 3E1
0629,3310 MCCARTHY RD,OTTAWA,ON,K1V 9S1
0632,1675 TENTH LINE RD,ORLEANS,ON,K1E 3P6
0668,1145 INNISFIL BEACH RD,INNISFIL,ON,L9S 4B2
0688,545 ROSSLAND ROAD EAST,OSHAWA,ON,L1J 3H1
0733,900 ADELAIDE ST S,LONDON,ON,N6E 4A4
0753,5694 HIGHWAY 7,VAUGHAN,ON,L4L 1T8
0783,450 GARRISON RD,FORT ERIE,ON,L2A 1N2
0929,364 SECOND LINE W,SAULT STE. MARIE,ON,P6C 2J7
0931,232 TORONTO ST SOUTH,UXBRIDGE,ON,L9P 0C4
0948,74 KENT ST. W.,LINDSAY,ON,K9V 2Y4
0987,150 SIDNEY STREET,BELLEVILLE,ON,K8P 5E2
0993,524 QUEEN ST. W.,TORONTO,ON,M5V 2B5
1016,270 SPRING STREET,COBOURG,ON,K9A 3K2
1082,710 TOWER ST S,FERGUS,ON,N1M 2R3
1101,600 OUELLETTE AVE,WINDSOR,ON,N9A 6Z3
1120,3970 SEMINOLE ST,WINDSOR,ON,N8Y 4T2
1132,500 TECUMSEH RD E.,WINDSOR,ON,N8X 2S2
1147,5602 TENTH LINE  W,MISSISSAUGA,ON,L5M 5S5
1172,959 DUNDAS ST E,WOODSTOCK,ON,N4S 1H2
1176,200 BROADWAY ST,TILLSONBURG,ON,N4G 5A7
1195,86 ELM STREET,SUDBURY,ON,P3C 1T2
1254,1937 PORTOBELLO BLVD.,ORLEANS,ON,K4A 4W9
1304,1400 DUPONT STREET,TORONTO,ON,M6H 2B2
1322,565 SHERBOURNE STREET,TORONTO,ON,M4X 1W7
1344,1020 KENNEDY CIRCLE,MILTON,ON,L9T 5S4
1378,718 YONGE STREET,TORONTO,ON,M4Y 2B3
1390,1105 WELLINGTON ROAD,LONDON,ON,N6E 1V4
1421,2206 LAKE SHORE BLVD WEST,TORONTO,ON,M8V 1A4
1898,1670 RUE NOTRE-DAME,L'ANCIENNE-LORETTE,QC,G2E 3B8
1966,180 ANJOU,CHATEAUGUAY,QC,J6K 1C4
2264,876 VILLAGE DRIVE,PORT COQUITLAM,BC,V3B 0G9
2287,6760 MADILL ROAD,PRINCE GEORGE,BC,V2K 0A8
0930,4000 HWY #7,WOODBRIDGE,ON,L4L 1A6
1056,133 KING ST W,DUNDAS,ON,L9H 1V3
1155,269 CLARENCE STREET,BRANTFORD,ON,N3R 3T6
1200,123B PIONEER DRIVE,KITCHENER,ON,N2P 2A3
1281,292 DUPONT STREET,TORONTO,ON,M5R 1V9
1284,945 GARDINERS ROAD,KINGSTON,ON,K7M 7H4
1393,500 KING STREET WEST,TORONTO,ON,M5V 1L9
1875,8125 BOUL ST LAURENT,MONTREAL,QC,H2P 2M1
1878,1335 CHEMIN CANORA,MONT ROYAL,QC,H3P 2J5
1884,610 BOUL DES PROMENADES,SAINT-BRUNO-DE-MONTARVILLE,QC,J3V 6L9
2005,18 CHAMPLAIN STREET,DIEPPE,NB,E1A 1N3
2133,7130 PIONEER STREET,AGASSIZ,BC,V0M 1A0
2255,3433 NORTH ROAD,BURNABY,BC,V3J 0A9
2270,"15157 56 AVENUE, UNIT 100",SURREY,BC,V3S 9A5
2271,4376 27TH STREET,VERNON,BC,V1T 4Y4
2301,14135 23 AVENUE NW,EDMONTON,AB,T6R 0G4
2321,4607 50TH AVENUE,OLDS,AB,T4H 1W1
2438,5043 50A STREET,SYLVAN LAKE,AB,T4S 1R1
3079,1499 GORDON DRIVE,KELOWNA,BC,V1Y 9R2
2305,11700 SARCEE TRAIL NW,CALGARY,AB,T3R 0A1
2326,1410 1ST STREET SOUTHEAST,CALGARY,AB,T2G 5T7
2388,100 WESTPARK BLVD,FORT SASKATCHEWAN,AB,T8L 0B2
2462,3010 PRESTON AVENUE,SASKATOON,SK,S7T 0V2
3039,222 RUE VISITATION,ST-CHARLES-BORROMEE,QC,J6E 4N5
0041,520 FORT ST-LOUIS,BOUCHERVILLE,QC,J4B 1S5
0071,1811 KING OUEST,SHERBROOKE,QC,J1J 2E3
0075,2220 BOUL. DES LAURENTIDES,LAVAL,QC,H7K 3G5
0089,178 PRINCIPALE,AYLMER,QC,J9H 6J9
0201,1020 DENMAN ST,VANCOUVER,BC,V6G 2M5
0237,6060 MINORU BLVD.,RICHMOND,BC,V6Y 2V7
0261,2121 E. TRANS-CANADA HWY.,KAMLOOPS,BC,V2C 4A6
0329,1221 CANYON MEADOWS DR. S.E.,CALGARY,AB,T2J 6G2
0349,7606 ELBOW DR. S.W.,CALGARY,AB,T2V 1K2
0553,3900 GRANT AVENUE,WINNIPEG,MB,R3R 3C2
0596,25 BLVD.ST.PIERRE OUEST,CARAQUET,NB,E1W 1B8
0717,2440 DUNDAS STREET WEST,TORONTO,ON,M6P 1W9
0806,360A BLOOR ST. W.,TORONTO,ON,M5S 1X1
0811,2999 KINGSTON RD,SCARBOROUGH,ON,M1M 1P1
0928,13070 YONGE ST,RICHMOND HILL,ON,L4E 2T2
1013,5762 HWY # 7,MARKHAM,ON,L3P 1A8
1115,20 MILL STREET WEST,TILBURY,ON,N0P 2L0
1173,509 BAYFIELD STREET,BARRIE,ON,L4M 4Z8
1181,5118 HIGHWAY 69 NORTH,HANMER,ON,P3P 1B9
1230,2954 ST. JOSEPH BLVD.,ORLEANS,ON,K1C 1G7
1285,315 MCNEELY AVE,CARLETON PLACE,ON,K7C 4S6
1317,54 BECKWITH STREET NORTH,SMITHS FALLS,ON,K7A 2B5
1341,1500 ISLINGTON AVE,TORONTO,ON,M9A 3L8
1345,511 MUSKOKA ROAD SOUTH,GRAVENHURST,ON,P1P 1J8
1413,95 WILLIAMSON DRIVE WEST,AJAX,ON,L1T 0K9
1418,895 10TH STREET,HANOVER,ON,N4N 1S4
1441,333 BAY STREET,TORONTO,ON,M5H 2R2
1467,1760 HURON CHURCH ROAD,WINDSOR,ON,N9C 2L4
1888,1350 RUE DANIEL JOHNSON OUEST,ST. HYACINTHE,QC,J2S 8J4
2158,6640 VEDDER ROAD,CHILLIWACK,BC,V2R 0J2
2222,7322 KING GEORGE BLVD,SURREY,BC,V3W 5A5
2244,3215 ST JOHNS STREET,PORT MOODY,BC,V3H 3E1
2306,1 CHAMBERS AVENUE,RED DEER,AB,T4P 0M9
2310,6203A 51 STREET,COLD LAKE,AB,T9M 1Z9
2365,30 3RD AVENUE SE,HIGH RIVER,AB,T1V 1R7
2375,151 WALDEN GATE SE,CALGARY,AB,T2X 0R2
2403,600 SADDLETOWNE CIRCLE NE,CALGARY,AB,T3J 5M1
2416,12192 SYMONS VALLEY ROAD NW,CALGARY,AB,T3P 0A3
2418,8065 104TH STREET,EDMONTON,AB,T6E 4E3
2456,911 CENTRAL AVENUE NORTH,SWIFT CURRENT,SK,S9H 3V3
0011,50 ST-CHARLES,BEACONSFIELD,QC,H9W 2X3
0034,1401 CHEMIN CHAMBLY,LONGUEUIL,QC,J4J 3X6
0039,298 BOUL. THERIAULT,RIVIERE-DU-LOUP,QC,G5R 4C2
0056,5038 SHERBROOKE OUEST,MONTREAL,QC,H4A 1S7
0064,8230 BOUL. TASCHEREAU,BROSSARD,QC,J4X 1C2
0244,3717 10TH AVENUE,PORT ALBERNI,BC,V9Y 4W5
0366,3812 118 AVE,EDMONTON,AB,T5W 5C7
0423,2028 PARK ST,REGINA,SK,S4N 2G6
0428,2102 11TH AVE.,REGINA,SK,S4P 3Y6
0507,1077 NORTH SERVICE ROAD,MISSISSAUGA,ON,L4Y 1A6
0582,1124 BRIDGE STREET,GREENWOOD,NS,B0P 1N0
0634,2638 INNES RD,GLOUCESTER,ON,K1B 4Z5
0646,175 FIRST STREET,COLLINGWOOD,ON,L9Y 1A5
0650,524 BAYFIELD ST N,BARRIE,ON,L4M 5A2
0658,298 JOHN ST,THORNHILL,ON,L3T 5W4
0720,115 DUNDAS STREET NORTH,CAMBRIDGE,ON,N1R 5T8
0766,1365 HURON STREET,LONDON,ON,N5V 2E3
0821,770 LAWRENCE AVENUE WEST,TORONTO,ON,M6A 3C6
0856,2251 LAWRENCE AVE. E.,SCARBOROUGH,ON,M1P 2P5
0909,499 TERRY FOX DR,KANATA,ON,K2T 1H7
0971,149 WESTMOUNT DRIVE NORTH,ORILLIA,ON,L3V 6C7
1037,420 QUEEN ST,CHATHAM,ON,N7M 2J2
1043,963 FENNELL AVE. E.,HAMILTON,ON,L8T 1R1
1057,3476 GLEN ERIN DR,MISSISSAUGA,ON,L5L 3R4
1139,3940 INNES ROAD,ORLEANS,ON,K1W 1K9
1166,3446 DUNDAS ST  W,TORONTO,ON,M6S 2S1
1174,120 THAMES STREET NORTH,INGERSOLL,ON,N5C 4B1
1203,2525 PRINCE MICHAEL DRIVE,OAKVILLE,ON,L6H 0E9
1205,105 SUTHERLAND DRIVE,KINGSTON,ON,K7K 5V6
1213,7 CLAIR ROAD WEST,GUELPH,ON,N1L 0A6
1256,5005 SERENA DRIVE,BEAMSVILLE,ON,L0R 1B0
1299,1411 UPPER SHERMAN AVENUE,HAMILTON,ON,L8W 1C4
1392,375 SCOTT STREET,FORT FRANCES,ON,P9A 1H1
1397,15 SHERWOOD AVENUE,AMHERSTVIEW,ON,K7N 1N1
1401,3090 COLONEL TALBOT ROAD,LONDON,ON,N6P 0B3
1410,236 BLOOR STREET WEST,TORONTO,ON,M5S 1T8
1870,1113 BOUL CURE-LABELLE,BLAINVILLE,QC,J7C 2M2
1973,2310 CH LUCERNE,MONT-ROYAL,QC,H3R 2J8
2011,681 MOUNTAIN RD,MONCTON,NB,E1C 2P4
2216,2475 DOBBIN ROAD,WEST KELOWNA,BC,V4T 2E9
2252,3303 MAIN STREET,VANCOUVER,BC,V5V 3M8
2277,586 GRANVILLE STREET,VANCOUVER,BC,V6C 1X5
2311,10720 78TH AVENUE,GRANDE PRAIRIE,AB,T8W 0G9
2353,110 620 MCKENZIE TOWNE DRIVE SE,CALGARY,AB,T2Z 0Y6
2384,2555 WOODVIEW DRIVE SW,CALGARY,AB,T2W 4N7
2399,8338 18 STREET SE,CALGARY,AB,T2C 4E4
2404,917 PORTAGE AVENUE,WINNIPEG,MB,R3G 0P6
2428,710 ST ANNES ROAD,WINNIPEG,MB,R2N 0A2
2517,333 EDWARDS AVENUE,THE PAS,MB,R9A 1L7
0002,10551 BOUL. PIE IX,MONTREAL,QC,H1H 4A3
0070,1484 MGR LANGLOIS,SALABERRY DE VALLEYFIELD,QC,J6S 1E3
0083,5696 SHERBROOKE EST,MONTREAL,QC,H1N 1A1
0147,5524 SPRING GARDEN RD,HALIFAX,NS,B3J 1G5
0165,2540 KING GEORGE HWY.,MIRAMICHI,NB,E1V 6W5
0166,118 WYSE RD,DARTMOUTH,NS,B3A 1N7
0188,201 MAIN STREET,SUSSEX,NB,E4E 1R4
0205,32900 SOUTH FRASER WAY,ABBOTSFORD,BC,V2S 5A1
0216,11000 8TH STREET,DAWSON CREEK,BC,V1G 4K6
0252,3650 MT SEYMOUR PKWY,NORTH VANCOUVER,BC,V7H 2Y5
0257,2947 TILLICUM RD,VICTORIA,BC,V9A 2A6
0272,1125 DAVIE ST,VANCOUVER,BC,V6E 1N2
0302,6806 137TH AVE. NW,EDMONTON,AB,T5C 3C8
0335,5211 44TH STREET,LLOYDMINSTER,AB,T9V 0A7
0340,5110 HWY 2A N.,LACOMBE,AB,T4L 1Y7
0347,200 52ND STREET NE,CALGARY,AB,T2A 4K8
0407,7 ASSINIBOINE DR,SASKATOON,SK,S7K 1H1
0420,428 LILLOOET ST W,MOOSE JAW,SK,S6H 7T1
0421,303 ALBERT ST.N.,REGINA,SK,S4R 3C4
0576,18 GIBSON DRIVE,MOUNT PEARL,NL,A1N 5K8
0614,741 LANSDOWNE ST. W.,PETERBOROUGH,ON,K9J 1Z2
0722,84 LYNDEN RD,BRANTFORD,ON,N3R 6B8
0745,240 LEIGHLAND AVE,OAKVILLE,ON,L6H 3H6
0789,245 PELHAM RD,ST. CATHARINES,ON,L2S 1X8
0809,3110 BATHURST ST.,TORONTO,ON,M6A 2A1
0915,812 O'CONNOR DRIVE,TORONTO,ON,M4B 2S9
1012,3051 WALKER'S LINE,BURLINGTON,ON,L7M 0W3
1092,8965 CHINGUACOUSY ROAD,BRAMPTON,ON,L6Y 0J2
1159,470 NORFOLK STREET,SIMCOE,ON,N3Y 3P7
1250,4990 YONGE STREET,TORONTO,ON,M2N 0A1
1312,572 W. ARTHUR STREET,THUNDER BAY,ON,P7E 5R7
1313,1860 BAYVIEW AVENUE,TORONTO,ON,M4G 0C3
1369,10970 AIRPORT ROAD,BRAMPTON,ON,L6R 0E1
1406,118 HASTINGS STREET NORTH,BANCROFT,ON,K0L 1C0
1453,299 LAKE AVENUE EAST,CARLETON PLACE,ON,K7C 1J3
1682,2044 FLEURY EST,MONTREAL,QC,H2B 1J2
1829,1580 ONTARIO STREET EAST,MONTREAL,QC,H2L 1S5
1832,2305 ROCKLAND ROAD,MONTREAL,QC,H3P 3E9
1947,1 AVENUE WESTMINSTER NORD,MONTREAL-OUEST,QC,H4X 1Y8
1977,160 RUE DE L'EVECHE OUEST,RIMOUSKI,QC,G5L 4H9
2144,10835 CITY PARKWAY,SURREY,BC,V3T 4C7
2153,9970 MAIN STREET,LAKE COUNTRY,BC,V4V 2T9
2246,1006 HOMER STREET,VANCOUVER,BC,V6B 2W9
2266,26310 FRASER HIGHWAY,ALDERGROVE,BC,V4W 2Z7
2369,2060 SYMONS VALLEY PARKWAY NW,CALGARY,AB,T3P 0M9
2371,7 MAHOGANY PLAZA SE,CALGARY,AB,T3M 2P8
2385,1024 WEBBER GREENS DRIVE NW,EDMONTON,AB,T5T 4K5
2406,2533 PORTAGE AVE,WINNIPEG,MB,R3J 0P1
0010,1775 FLEURY EST,MONTREAL,QC,H2C 1T3
0054,8096 BOUL. CHAMPLAIN,MONTREAL,QC,H8P 1B3
0091,400 CURE-LABELLE,BLAINVILLE,QC,J7C 2H2
0139,421 LAHAVE ST,BRIDGEWATER,NS,B4V 3A2
0159,14 MAIN ST,SHERBROOKE,NS,B0J 3C0
0171,312 VAL D'AMOURS ROAD,ATHOLVILLE,NB,E3N 4E2
0175,1198 ONONDAGA ST.,OROMOCTO,NB,E2V 1B8
0227,8671 NO. 1 ROAD,RICHMOND,BC,V7C 1V2
0286,700 TRANQUILLE RD,KAMLOOPS,BC,V2B 3H9
0336,302 53RD STREET,EDSON,AB,T7E 0A6
0337,121 SIGNAL RD,FORT MCMURRAY,AB,T9H 4N6
0628,1309 CARLING AVE,OTTAWA,ON,K1Z 7L3
0641,541 MONTREAL ROAD,OTTAWA,ON,K1K 0V1
0683,5353 LAKESHORE RD E,BURLINGTON,ON,L7L 1C8
0685,225 FAIRVIEW DR,BRANTFORD,ON,N3R 7E3
0689,1428 HIGHWAY 2,COURTICE,ON,L1E 2J5
0698,1000 GOLF LINKS RD,ANCASTER,ON,L9G 3K9
0800,629 MARKHAM RD,SCARBOROUGH,ON,M1H 2A4
0861,25 THE WEST MALL,ETOBICOKE,ON,M9C 1B8
0923,1515 REBECCA ST,OAKVILLE,ON,L6L 5G8
0927,130 CEDAR ST,CAMBRIDGE,ON,N1S 1W4
0959,2850 LAKE SHORE BLVD. WEST,ETOBICOKE,ON,M8V 1J2
1036,30 MCNAUGHTON AVE,WALLACEBURG,ON,N8A 1R9
1050,1 KING ST E,STONEY CREEK,ON,L8G 1J7
1055,4524 NEW ST,BURLINGTON,ON,L7L 2X8
1105,69 KING ST. E.,HARROW,ON,N0R 1G0
1144,775 STRAND BLVD,KINGSTON,ON,K7P 2S7
1201,6951 DERRY ROAD WEST,MILTON,ON,L9T 7H5
1229,150 MONTREAL RD.,OTTAWA,ON,K1L 8H2
1309,405 DUNDAS STREET EAST,BELLEVILLE,ON,K8N 1E7
1377,958 BLOOR STREET W,TORONTO,ON,M6H 1L6
1415,2140 KING ROAD,KING CITY,ON,L7B 1L5
1455,376 OTTAWA STREET,ALMONTE,ON,K0A 1A0
1808,10305 BOUL. ST LAURENT,MONTREAL,QC,H3L 2P1
1841,1337 IBERVILLE,REPENTIGNY,QC,J5Y 4E9
1842,19224 BOUL. DE PIERREFONDS,PIERREFONDS,QC,H9K 0B6
1846,415 RUE SHERBROOKE,MAGOG,QC,J1X 2S4
1849,5730 AVENUE DE MONKLAND,MONTREAL,QC,H4A 1E6
1915,180 JEAN-LEMAN,CANDIAC,QC,J5R 6E6
2143,2850 SHAUGHNESSY STREET,PORT COQUITLAM,BC,V3C 6K5
2279,2730 OAK STREET,VANCOUVER,BC,V6H 0A5
2343,433 CASSILS ROAD WEST,BROOKS,AB,T1R 0W1
2370,12955 153 AVENUE NW,EDMONTON,AB,T6V 0C5
0028,38 PLACE DU COMMERCE,MONTREAL,QC,H3E 1T8
0045,390 STE-CATHERINE OUEST,MONTREAL,QC,H3B 1A1
0101,675 UNIVERSITY AVE,CHARLOTTETOWN,PE,C1E 1E5
0125,1595 BEDFORD HWY.,BEDFORD,NS,B4A 3Y4
0222,6305 FRASER ST,VANCOUVER,BC,V5W 3A3
0248,1151 10TH AVENUE  SW,SALMON ARM,BC,V1E 1T3
0312,10907 82ND AVENUE NW,EDMONTON,AB,T6G 0S7
0317,1 KINGSWAY GARDEN MALL,EDMONTON,AB,T5G 3A6
0321,216 STEWART GREEN S.W.,CALGARY,AB,T3H 3C8
0324,4825 50TH ST.,WETASKIWIN,AB,T9A 1J6
0327,8600 FRANKLIN AVE.,FORT MCMURRAY,AB,T9H 4G8
0640,9255 WOODBINE AVE,MARKHAM,ON,L6C 1Y9
0642,1460 RICHMOND ROAD,OTTAWA,ON,K2B 6S1
0777,4141 DIXIE RD,MISSISSAUGA,ON,L4W 1V5
0823,970 QUEEN STREET EAST,TORONTO,ON,M4M 1J8
0920,8601 WARDEN AVENUE,MARKHAM,ON,L3R 0B5
0969,204 FIRST AVE,ST. THOMAS,ON,N5R 4P5
0989,2223 BLOOR ST. W,TORONTO,ON,M6S 1N7
0997,66 WELLINGTON ST. W.,TORONTO,ON,M5K 1A1
1083,89 GEDDES ST,ELORA,ON,N0B 1S0
1188,181 HARTZEL RD,ST. CATHARINES,ON,L2P 1N6
1225,10661 CHINGUACOUSY,BRAMPTON,ON,L7A 0N5
1320,388 KING STREET WEST,TORONTO,ON,M5V 1K2
1325,5709 HAZELDEAN ROAD,KANATA,ON,K2S 0P6
1404,570 LONGWORTH AVE,BOWMANVILLE,ON,L1C 0H4
1483,666 BURNHAMTHORPE ROAD,ETOBICOKE,ON,M9C 2Z4
1922,900 RAYMOND,QUEBEC,QC,G1B 3G3
2023,20 DELLRIDGE LANE,BEDFORD,NS,B4A 0H1
2361,2412 4TH STREET SW,CALGARY,AB,T2S 2T4
2364,7509 44TH STREET,LLOYDMINSTER,AB,T9V 0X9
2441,2350 24 STREET NORTHWEST,EDMONTON,AB,T6T 0G9
2452,9930 92ND STREET,GRANDE PRAIRIE,AB,T8X 0E7
2506,350 NORTH TOWN ROAD,WINNIPEG,MB,R3Y 0Y4
0047,600 PIERRE-CAISSE,ST-JEAN-SUR-RICHELIEU,QC,J3A 1M1
0149,1174 KINGS ROAD,SYDNEY RIVER,NS,B1S 1C9
0173,269 MAIN STREET,FREDERICTON,NB,E3A 1E1
0209,1297 SHOPPERS ROW,CAMPBELL RIVER,BC,V9W 2C7
0365,11720 JASPER AVE NW,EDMONTON,AB,T5K 0N3
0384,1323 CENTRE ST. NW,CALGARY,AB,T2E 2R5
0397,13040 137TH AVE,EDMONTON,AB,T5L 5E3
0410,2410 22ND ST. W,SASKATOON,SK,S7M 0V7
0547,43 MARION ST,WINNIPEG,MB,R2H 0S8
0704,180 SANDALWOOD PKWY,BRAMPTON,ON,L6Z 1Y4
0840,3975 JANE ST,NORTH YORK,ON,M3N 2K1
0858,16640 YONGE ST,NEWMARKET,ON,L3X 2N8
0860,300 BOROUGH DR,SCARBOROUGH,ON,M1P 4P5
0869,1533 JANE ST,TORONTO,ON,M9N 2R2
0896,441 CLARK AVE. W.,THORNHILL,ON,L4J 6W8
0899,5998 BATHURST ST,NORTH YORK,ON,M2R 1Z1
0912,243 KING ST  E.,BOWMANVILLE,ON,L1C 3X1
0922,1115 LODESTAR ROAD,TORONTO,ON,M3J 0G9
0977,1900 MOSLEY ST.,WASAGA BEACH,ON,L9Z 1Z3
0995,250 CHARLOTTE STREET,PETERBOROUGH,ON,K9J 2V1
1030,21 CHATHAM ST.NORTH,BLENHEIM,ON,N0P 1A0
1033,260 INDIAN RD,SARNIA,ON,N7T 3W4
1257,950 FRANKLIN BLVD.,CAMBRIDGE,ON,N1R 8R3
1291,823 HIGHWAY 15,KINGSTON,ON,K7L 4V3
1505,50 DUFFERIN STREET,PERTH,ON,K7H 3A6
1811,1006 RUE DE LA LAVATERE,LAVAL,QC,H7X 0C5
1833,7077 NEWMAN BLVD,MONTREAL,QC,H8N 1X1
1852,10 DON QUICHOTTE BLVD,lLE PERROT,QC,J7V 6N5
1868,333 BOULEVARD BRIEN,REPENTIGNY,QC,J5Z 2J1
1872,810 BOUL THIBEAU NORD,TROIS-RIVIERES,QC,G8T 7A6
1968,4720 RUE JARRY EST,MONTREAL,QC,H1R 1X8
2156,590 HIGHWAY 33 WEST,KELOWNA,BC,V1X 6A8
2161,5000 CANOE PASS WAY,TSAWWASSEN FIRST NATION,BC,V4M 0B3
2231,12830 96TH AVENUE,SURREY,BC,V3V 6A8
2299,2306 HIGHWAY 6,VERNON,BC,V1T 7E3
2313,20 4005 CLOVER BAR ROAD,SHERWOOD PARK,AB,T8H 0M4
2318,3071 26TH AVENUE NORTH,LETHBRIDGE,AB,T1H 5P4
2332,933 RAILWAY AVENUE,CANMORE,AB,T1W 1P3
2412,2650 JAMES MOWATT TRAIL SW,EDMONTON,AB,T6W 3R3
2427,1020 SHERWOOD DRIVE,SHERWOOD PARK,AB,T8A 2G4
0012,350 DORVAL AVE,DORVAL,QC,H9S 3H7
0015,40 EVANGELINE,GRANBY,QC,J2G 8K1
0136,278 LACEWOOD DR,HALIFAX,NS,B3M 3N8
0181,477 PAUL ST.,DIEPPE,NB,E1A 4X5
0182,45 VAUGHAN HARVEY BLVD.,MONCTON,NB,E1C 0N7
0187,397 KING GEORGE HWY,MIRAMICHI,NB,E1V 1L5
0210,693 CENTRAL STREET WEST,PRINCE GEORGE,BC,V2M 3C6
0231,1960 COMO LAKE AVE,COQUITLAM,BC,V3J 3R3
0258,22196 50TH AVE,LANGLEY,BC,V2Y 2V4
0346,2331 66TH ST NW,EDMONTON,AB,T6K 4B4
0555,1570 18TH STREET,BRANDON,MB,R7A 5C5
0630,6491 JEANNE D'ARC BLVD,ORLEANS,ON,K1C 2R1
0693,980 CENTRAL PARK DR,BRAMPTON,ON,L6S 3L7
0765,142 CLARKE ROAD,LONDON,ON,N5W 5E1
0848,5576 YONGE STREET,NORTH YORK,ON,M2N 5S2
0862,3003 DANFORTH AVE.,TORONTO,ON,M4C 1M9
0881,3401 DUFFERIN ST.,TORONTO,ON,M6A 2T9
0908,3980 GRAND PARK DR,MISSISSAUGA,ON,L5B 4M6
0913,2943 MAJOR MACKENZIE DR.,MAPLE,ON,L6A 3N9
0991,55 FRONT ST. N,ORILLIA,ON,L3V 4R7
1046,991 KING ST W,HAMILTON,ON,L8S 1K9
1091,137 WATER STREET N,CAMBRIDGE,ON,N1R 3B8
1093,25 GREAT LAKES DR,BRAMPTON,ON,L6R 2S5
1194,595 SOUTH PELHAM ROAD,WELLAND,ON,L3C 3C7
1219,7700 MARKHAM RD,MARKHAM,ON,L3S 3K5
1221,5979 BALDWIN ST S,BROOKLIN,ON,L1M 2J7
1231,831 BIG BAY POINT ROAD,BARRIE,ON,L4N 0G5
1233,2110 RYMAL ROAD EAST,HANNON,ON,L0R 1P0
1268,9651 YONGE ST,RICHMOND HILL,ON,L4C 1V7
1537,2900 STEELES AVENUE EAST,THORNHILL,ON,L3T 4X1
1886,10 PLACE TRIAD,POINTE CLAIRE,QC,H9R 0A2
2002,6960 MUMFORD ROAD,HALIFAX,NS,B3L 4P1
2203,3025 LOUGHEED HIGHWAY,COQUITLAM,BC,V3B 6S2
2245,748 BURRARD STREET,VANCOUVER,BC,V6Z 2V6
0043,7275 SHERBROOKE EST,MONTREAL,QC,H1N 1E9
0073,3425 MASSON,MONTREAL,QC,H1X 1R6
0077,4301 BOUL. ST-JEAN,DOLLARD DES ORMEAUX,QC,H9H 2A4
0086,8222 MAURICE DUPLESSIS,MONTREAL,QC,H1E 2Y5
0154,95 WARWICK ST.,DIGBY,NS,B0V 1A0
0355,1632 14TH AVENUE N.W.,CALGARY,AB,T2N 1M7
0530,1050 LEILA AVENUE,WINNIPEG,MB,R2P 1W6
0549,17 SELKIRK AVE.,THOMPSON,MB,R8N 0M5
0647,51 KING WILLIAM STREET,HUNTSVILLE,ON,P1H 1G4
0677,900 ARTHUR STREET EAST,THUNDER BAY,ON,P7E 5M8
0680,1186 MEMORIAL AVE,THUNDER BAY,ON,P7B 5K5
0705,160 MAIN STREET SOUTH,BRAMPTON,ON,L6W 2E1
0786,387 SCOTT STREET,ST. CATHARINES,ON,L2M 3W2
0830,1800 SHEPPARD AVE  E,WILLOWDALE,ON,M2J 5A7
0846,1661 DENISON ST.,MARKHAM,ON,L3R 6E4
0893,201 LLOYD MANOR RD,ETOBICOKE,ON,M9B 6H6
0966,9350 YONGE ST,RICHMOND HILL,ON,L4C 5G2
0975,1599 UPPER JAMES ROAD,HAMILTON,ON,L9B 0H7
1072,395 SOUTHDALE ROAD EAST,LONDON,ON,N6E 1A2
1107,1675 WYANDOTTE ST W.,WINDSOR,ON,N9B 1H8
1113,4835 WYANDOTTE ST.E,WINDSOR,ON,N8Y 1H9
1212,650 KINGSTON RD,PICKERING,ON,L1V 3N7
1222,1105 KINGSTON ROAD,PICKERING,ON,L1V 1B5
1816,1031 AVENUE VICTORIA,ST-LAMBERT,QC,J4R 1P6
1885,5987 AVENUE DE VERDUN,MONTREAL,QC,H4H 1M6
1954,1023 SACRE-COEUR,SAINT-FELICIEN,QC,G8K 1R5
2201,597 BERNARD AVE,KELOWNA,BC,V1Y 6N9
2217,301 HIGHWAY 33 WEST,KELOWNA,BC,V1X 1X8
2288,2332 WHATCOM ROAD,ABBOTSFORD,BC,V3G 0C1
2415,"6320 50TH AVE, UNIT 1",RED DEER,AB,T4N 4C6
2443,10116 150 STREET NW,EDMONTON,AB,T5P 1P1
3018,2951 WALKERS LINE,BURLINGTON,ON,L7M 4Y1
0003,320 BOUL. ST. JOSEPH,GATINEAU,QC,J8Y 3Y8
0174,234 MAIN ST,MINTO,NB,E4B 3R3
0288,4326 DUNBAR ST,VANCOUVER,BC,V6S 2G3
0544,124 SASKATCHEWAN AVE E,PORTAGE LA PRAIRIE,MB,R1N 0L1
0545,382 MAIN STREET,STEINBACH,MB,R5G 1Z1
0597,344 RUE CANADA,SAINT QUENTIN,NB,E8A 1H7
0739,3023 NEW ST,BURLINGTON,ON,L7R 1K3
0760,3100 HOWARD AVE,WINDSOR,ON,N8X 3Y8
1021,485 GRAND AVENUE WEST,CHATHAM,ON,N7L 1C5
1023,65 MAIN STREET E,GRAND BEND,ON,N0M 1T0
1039,22 MAIN ST W,RIDGETOWN,ON,N0P 2C0
1069,2300 DORCHESTER RD,DORCHESTER,ON,N0L 1G5
1100,5033 HURONTARIO ST,MISSISSAUGA,ON,L4Z 3X7
1292,25 DUKE STREET,DRYDEN,ON,P8N 1E6
1382,2301 KINGSTON ROAD,SCARBOROUGH,ON,M1N 1V1
1820,3100 BOUL. CONCORDE EST,LAVAL,QC,H7E 2B8
1822,3455 CARTIER BLVD WEST,LAVAL,QC,H7V 3W7
1837,5550 BOUL JEAN XXIII,TROIS-RIVIERES,QC,G8Z 4A9
2121,1800 TRANQUILLE ROAD,KAMLOOPS,BC,V2B 3L9
2379,10405 JASPER AVENUE NW,EDMONTON,AB,T5J 1G5
2429,804 MAIN STREET SE,AIRDRIE,AB,T4B 3M1
2460,1122 PEMBINA HIGHWAY,WINNIPEG,MB,R3T 2A2
0020,1111 BOUL JUTRAS EST,VICTORIAVILLE,QC,G6S 1C1
0023,2340 ST-HUBERT,SAGUENAY,QC,G7X 5N4
0026,965 BOUL CURE LABELLE,LAVAL,QC,H7V 2V7
0031,101 BOUL. CARDINAL-LEGER,PINCOURT,QC,J7W 3Y3
0069,3790 BOUL ST-CHARLES,KIRKLAND,QC,H9H 3C3
0100,403 UNIVERSITY AVE,CHARLOTTETOWN,PE,C1A 4N7
0119,155 TORBAY RD,ST. JOHN'S,NL,A1A 0K6
0273,15105 16 AVENUE,SURREY,BC,V4A 6G3
0322,3292 DUNMORE RD. S.E.,MEDICINE HAT,AB,T1B 2R4
0323,392 ST. ALBERT TRAIL,ST. ALBERT,AB,T8N 5J9
0376,85 SHAWVILLE BLVD SE,CALGARY,AB,T2Y 3W5
0415,2105 8TH STREET EAST,SASKATOON,SK,S7H 0T8
0427,2223 VICTORIA AVE  E.,REGINA,SK,S4N 6E4
0584,950 BEDFORD HIGHWAY,BEDFORD,NS,B4A 4B5
0648,411 THE QUEENSWAY SOUTH,KESWICK,ON,L4P 2C7
0854,2550 FINCH AVE. W.,NORTH YORK,ON,M9M 2G3
0857,123 REXDALE BLVD,ETOBICOKE,ON,M9W 1P1
0876,1995 WESTON RD,TORONTO,ON,M9N 1X2
0877,1859 LESLIE STREET,TORONTO,ON,M3B 2M1
0934,25 BROADWAY AVE,ORANGEVILLE,ON,L9W 1J6
1066,510 HAMILTON RD,LONDON,ON,N5Z 1S4
1177,11965 HURONTARIO ST,BRAMPTON,ON,L6Z 4P7
1306,55 ELGIN STREET W,ARNPRIOR,ON,K7S 1N6
1331,811 PEMBROKE ST. E,PEMBROKE,ON,K8A 3M3
1340,489 BROADWAY,ORANGEVILLE,ON,L9W 0A4
1347,681 ALGONQUIN BLVD,TIMMINS,ON,P4N 8S6
1353,366 MAIN STREET NORTH,BRAMPTON,ON,L6V 1P8
1420,781 BROADWAY STREET,KINCARDINE,ON,N2Z 2G1
1429,2437 PRINCESS STREET,KINGSTON,ON,K7M 3G1
1440,600 LAURELWOOD DRIVE,WATERLOO,ON,N2V 0A2
1464,380 MAPLEVIEW DRIVE WEST,BARRIE,ON,L4N 9G4
1855,2740 NOTRE DAME OUEST,MONTREAL,QC,H3J 1P1
1858,465 BOUL DE L'HOPITAL,GATINEAU,QC,J8T 7X7
1910,471 BOUL CURE-LABELLE,LAVAL,QC,H7P 2P3
2204,20395 LOUGHEED HWY,MAPLE RIDGE,BC,V2X 2P9
2234,3277 CAMBIE STREET,VANCOUVER,BC,V5Z 2W3
2307,3735 17TH STREET NW,EDMONTON,AB,T6T 1A7
2324,632 CARMICHAEL LANE,HINTON,AB,T7V 1S8
2341,10015 107 STREET,WESTLOCK,AB,T7P 2K7
2390,1610 37 STREET SW,CALGARY,AB,T3C 3P1
2422,777 SHERBROOK STREET WEST,WINNIPEG,MB,R3A 1M2
2516,44 MAIN STREET,TEULON,MB,R0C 3B0
0030,2635 VAN HORNE,MONTREAL,QC,H3S 1P6
0032,419 BOUL. JESSOP,RIMOUSKI,QC,G5L 7Y5
0211,1215C 56TH STREET,DELTA,BC,V4L 2A6
0217,45905 YALE RD,CHILLIWACK,BC,V2P 2M6
0268,3055 MASSEY DR,PRINCE GEORGE,BC,V2N 2S9
0412,1210 7TH AVE. N & 33RD STREET,SASKATOON,SK,S7K 2W2
0540,360 MAIN ST.,WINNIPEG,MB,R3C 3Z8
0552,393 PORTAGE PLACE,WINNIPEG,MB,R3B 3H6
0571,54 MAIN STREET,GRAND BANK,NL,A0E 1W0
0608,1875 BATH ROAD,KINGSTON,ON,K7M 4Y3
0729,700 STRASBURG RD,KITCHENER,ON,N2E 2M2
0754,801 MOHAWK ROAD W.,HAMILTON,ON,L9C 6C2
0825,600 THE EAST MALL,ETOBICOKE,ON,M9B 4S1
0866,1020 OTTAWA ST. N,KITCHENER,ON,N2A 3Z3
0941,20917 DALTON RD,SUTTON,ON,L0E 1R0
0943,465 YONGE ST,TORONTO,ON,M4Y 1X4
1044,47 WILSON ST W,ANCASTER,ON,L9G 1N1
1049,902 MOHAWK RD E,HAMILTON,ON,L8T 2R8
1117,269 ERIE ST. S.,LEAMINGTON,ON,N8H 3C4
1275,579 LAKESHORE RD E,MISSISSAUGA,ON,L5G 1H9
1301,5671 STEELES AVE E,SCARBOROUGH,ON,M1V 5P6
1396,410 RICHMOND ROAD,OTTAWA,ON,K2A 4C4
1428,455 BANK STREET,OTTAWA,ON,K2P 1Y9
1433,2301 10TH LINE ROAD,ORLEANS,ON,K4A 3W6
1437,1208 MICHIGAN AVENUE,SARNIA,ON,N7S 6M7
1681,2135 JEAN TALON EST,MONTREAL,QC,H2E 1V4
1844,9397 DE L'ORMIERE BLVD,QUEBEC,QC,G2B 3K7
1874,5791 BLVD LAURIER,TERREBONNE,QC,J7M 1C3
1882,5780 DES LAURENTIDES,LAVAL,QC,H7K 2K6
1925,2480 1IERE AVENUE,QUEBEC,QC,G1L 3N3
1946,425 RUE ST CHARLES OUEST,LONGUEUIL,QC,J4H 1G1
2021,3260 HIGHWAY # 2,FALL RIVER,NS,B2T 1J5
2247,5968 WEBBER LANE,VANCOUVER,BC,V6S 0J9
2308,300 196 CHESTERMERE STATION WAY,CHESTERMERE,AB,T1X 0A9
2401,171 31 SOUTHRIDGE DRIVE,OKOTOKS,AB,T1S 2N3
2432,383 HERITAGE DRIVE S.E.,CALGARY,AB,T2H 1M8
0006,1401 BOUL. TALBOT,SAGUENAY,QC,G7H 5N6
0044,3646 BOUL TASCHEREAU,LONGUEUIL,QC,J4V 2H8
0062,1 AVE. MONT-ROYAL EST,MONTREAL,QC,H2T 1N4
0068,"400 ROUTE 132, CP 147",ST-CONSTANT,QC,J5A 2J8
0115,42 QUEEN ST,STEPHENVILLE,NL,A2N 3A7
0194,407 WESTMORLAND RD,SAINT JOHN,NB,E2J 3S9
0208,1627 FORT ST,VICTORIA,BC,V8R 1H8
0255,6339 200TH STREET,LANGLEY,BC,V2Y 1A2
0310,6108 50TH ST,LEDUC,AB,T9E 6P1
0509,221 GLENDALE AVE,ST. CATHARINES,ON,L2T 2K9
0594,229 BOUL. J.D. GAUTHIER,SHIPPAGAN,NB,E8S 1N2
0654,1183 16 ST E,OWEN SOUND,ON,N4K 1Z4
0696,140 HOLLAND ST  W,BRADFORD,ON,L3Z 1Y0
0701,34 A AVONDALE BLVD,BRAMPTON,ON,L6T 1H3
0764,1680 RICHMOND ST N,LONDON,ON,N6G 3Y9
0768,1225 WONDERLAND RD. N.,LONDON,ON,N6G 2V9
0836,523 ST. CLAIR AVE. W.,TORONTO,ON,M6C 1A1
0838,3874 BATHURST ST.,TORONTO,ON,M3H 3N3
0841,2345 YONGE STREET,TORONTO,ON,M4P 1E4
0867,620 KEELE ST,TORONTO,ON,M6N 3E2
0875,2355 WARDEN AVE,SCARBOROUGH,ON,M1T 1V7
0957,2901 BAYVIEW AVENUE,TORONTO,ON,M2K 1E6
0979,1500 KING ST. E.,CAMBRIDGE,ON,N3H 3R5
1060,759 ADELAIDE ST.N.,LONDON,ON,N5Y 2L7
1086,1221 WEBER ST,KITCHENER,ON,N2A 1C2
1102,7980 MENARD STREET,WINDSOR,ON,N8S 1V9
1143,615 KING ST EAST,GANANOQUE,ON,K7G 1H4
1149,951 BAY STREET,TORONTO,ON,M5S 0E1
1180,369 377 HIGHWAY #8,STONEY CREEK,ON,L8G 1E7
1238,4081 THICKSON RD N,WHITBY,ON,L1R 2X3
1259,400 SPENCE AVENUE,HAWKESBURY,ON,K6A 2Y3
1287,1500 WOODBINE AVE,TORONTO,ON,M4C 4G9
1466,520 CHAROLAIS BLVD,BRAMPTON,ON,L6Y 0R5
1487,3027 BINBROOK ROAD WEST,BINBROOK,ON,L0R 1C0
1614,9515 BOUL. GOUIN,PIERREFONDS,QC,H8Y 1T7
1803,2000 MARCEL-LAURIN BLVD,MONTREAL,QC,H4R 1J9
1839,5000 BOURQUE,SHERBROOKE,QC,J1N 2K7
2131,3327 LAKESHORE ROAD,KELOWNA,BC,V1W 3S9
2239,18677 FRASER HWY,SURREY,BC,V3S 8E7
2373,250 WATT COMMON SW,EDMONTON,AB,T6X 1X2
2383,6449 CROWCHILD TRAIL SW,CALGARY,AB,T3E 5R7
2389,261055 CROSSIRON BLVD,ROCKY VIEW,AB,T4A 0G3
2449,210 ASPEN GLEN LANDING SW,CALGARY,AB,T3H 0N5
0033,2788 CHEMIN DE CHAMBLY,LONGUEUIL,QC,J4L 1M9
0036,1125 PROVOST,MONTREAL,QC,H8S 1N4
0076,3845 ONTARIO EST,MONTREAL,QC,H1W 1S5
0102,172 QUEEN STREET,CHARLOTTETOWN,PE,C1A 4B5
0124,1 FARM RD,DEER LAKE,NL,A8A 1J1
0127,4 FOREST HILLS PKWY,DARTMOUTH,NS,B2W 5G7
0150,254 PRINCE ST,SYDNEY,NS,B1P 5K6
0236,8180 NO. 2 ROAD,RICHMOND,BC,V7C 3H3
0254,361 TRANS CANADA HIGHWAY,DUNCAN,BC,V9L 3R5
0265,17790 HIGHWAY 10,SURREY,BC,V3S 1C7
0277,1210 SUMMIT DRIVE,KAMLOOPS,BC,V2C 6M1
0290,1500 CRANBROOK ST,CRANBROOK,BC,V1C 3S8
0306,1919B SOUTHLAND DRIVE SW,CALGARY,AB,T2W 0K1
0309,5111 NORTHLAND DR. N.W.,CALGARY,AB,T2L 2J8
0311,815 17TH AVE SW,CALGARY,AB,T2T 0A1
0379,140 ST ALBERT TRAIL,ST. ALBERT,AB,T8N 7C8
0535,43 OSBORNE ST.,WINNIPEG,MB,R3L 1Y2
0736,431 RICHMOND STREET,LONDON,ON,N6A 6E2
0737,1657 DUNDAS ST E,LONDON,ON,N5W 3C6
0750,1183 BARTON ST E,HAMILTON,ON,L8H 2V4
0779,6975 MEADOWVALE TOWN C.C.,MISSISSAUGA,ON,L5N 2W7
0804,598 SHEPPARD AVENUE WEST,NORTH YORK,ON,M3H 2S1
0818,759 MOUNT PLEASANT RD.,TORONTO,ON,M4S 2N4
0819,1881 STEELES AVE WEST,TORONTO,ON,M3H 5Y4
0826,2428 EGLINTON AVE.E.,SCARBOROUGH,ON,M1K 2P7
0925,1530 ALBION RD.,ETOBICOKE,ON,M9V 1B4
0973,9186 HIGHWAY 93,MIDLAND,ON,L4R 4K4
0974,1735 KIPLING AVE.,ETOBICOKE,ON,M9R 2Y8
1041,753 MAIN ST E,HAMILTON,ON,L8M 1L2
1161,647 EARL ARMSTRONG ROAD,OTTAWA,ON,K1V 2G2
1191,20 HIGHWAY  20 E,FONTHILL,ON,L0S 1E0
1193,50 WEBER STREET NORTH,WATERLOO,ON,N2J 3G7
1314,1235 MCCOWAN ROAD,SCARBOROUGH,ON,M1H 3K3
1362,1033 QUEEN STREET WEST,TORONTO,ON,M6J 0A6
1402,279 YONGE STREET,TORONTO,ON,M5B 1N8
1403,2528 BAYVIEW AVENUE,TORONTO,ON,M2L 1A9
2413,2250 162 AVENUE SW UNIT 100,CALGARY,AB,T2Y 4Z9
2434,10255 101 ST NW,EDMONTON,AB,T5J 0K3
2514,2160 MCGILLIVRAY BOULEVARD,WINNIPEG,MB,R3Y 1S6
0008,5800 CAVENDISH BLVD,COTE ST-LUC,QC,H4W 2T5
0106,8 ROWAN STREET,ST. JOHN'S,NL,A1B 2X1
0129,21 MICMAC BLVD,DARTMOUTH,NS,B3A 4K6
0138,3430 JOSEPH HOWE DR,HALIFAX,NS,B3L 4H7
0191,57 LANSDOWNE AVE,SAINT JOHN,NB,E2K 2Z9
0232,2303 WEST 41ST AVE,VANCOUVER,BC,V6M 2A3
0243,802 MAIN STREET,WEST VANCOUVER,BC,V7T 2Y5
0269,4440 WEST SAANICH RD,VICTORIA,BC,V8Z 3E9
0278,2945 JACKLIN ROAD,LANGFORD,BC,V9B 5E3
0283,715 OLIVER STREET,WILLIAMS LAKE,BC,V2G 1M9
0298,303 OGILVIE ST,WHITEHORSE,YT,Y1A 2S3
0333,2020 SHERWOOD DRIVE,SHERWOOD PARK,AB,T8A 3H9
0345,3939 17TH AVENUE S.W.,CALGARY,AB,T3E 0C3
0361,7740 18TH ST. S.E.,CALGARY,AB,T2C 2N5
0364,110 COLUMBIA BLVD. W,LETHBRIDGE,AB,T1K 4J4
0405,277 BROADWAY ST. E.,YORKTON,SK,S3N 3G7
0429,380 MCCARTHY BLVD. N.,REGINA,SK,S4R 7M2
0557,302 NORTH RAILWAY ST,MORDEN,MB,R6M 1S7
0565,355 MAIN ROAD,GOULDS,NL,A1S 1G7
0631,50 RIDEAU ST.,OTTAWA,ON,K1N 9J7
0711,720 BRISTOL RD W,MISSISSAUGA,ON,L5R 4A3
0774,700 BURNHAMTHORPE RD. E.,MISSISSAUGA,ON,L4Y 2X3
0834,49 MOUNTAINASH RD,BRAMPTON,ON,L6R 1W4
0837,270 THE KINGSWAY,ETOBICOKE,ON,M9A 3T7
0853,467 PARLIAMENT ST.,TORONTO,ON,M5A 3A3
0935,2399 PARKEDALE AVE,BROCKVILLE,ON,K6V 3G9
0936,1012 PAPE AVE.,TORONTO,ON,M4K 3V9
0952,420 HAZELDEAN RD,KANATA,ON,K2L 4B2
0961,5710 MAIN ST,STOUFFVILLE,ON,L4A 8A9
1004,122 MAIN ST.,PENETANGUISHENE,ON,L9M 1T6
1007,210 WALLACE AVENUE NORTH,LISTOWEL,ON,N4W 1K9
1124,2109 OTTAWA ST.,WINDSOR,ON,N8Y 1R8
1146,645 COMMISSIONERS RD,LONDON,ON,N6C 2T9
1162,4700 KEELE STREET,TORONTO,ON,M3J 1P3
1220,9620 MCCOWAN ROAD,MARKHAM,ON,L3P 8M1
1252,25 CIVIC CENTRE ROAD,PETAWAWA,ON,K8H 0B1
1815,400 BOUL ST-JOSEPH,DRUMMONDVILLE,QC,J2C 2A8
1865,334 CURE-LABELLE,LAVAL,QC,H7L 4T7
1923,1440 LOUIS XIV,QUEBEC,QC,G2L 1M3
1931,90 BOULEVARD BEGIN,STE. CLAIRE,QC,G0R 2V0
1978,135 AV. PRINCIPALE,ROUYN-NORANDA,QC,J9X 4P3
2012,24 COLUMBIA DRIVE,MARYSTOWN,NL,A0E 2M0
2200,1306 LONSDALE AVE,NORTH VANCOUVER,BC,V7M 2H8
2211,3200 ISLAND HIGHWAY,NANAIMO,BC,V9T 1W1
2284,1030 CANYON STREET,CRESTON,BC,V0B 3G0
2303,112 RIVERSTONE RIDGE,FORT MCMURRAY,AB,T9K 1S6
2465,1804 MCORMOND DRIVE,SASKATOON,SK,S7S 0A6
0078,5650 JEAN-TALON EST,ST-LEONARD,QC,H1S 1M1
0096,9215 SHERBROOKE EST,MONTREAL,QC,H1L 6K2
0223,6660 SOOKE RD,SOOKE,BC,V9Z 0A5
0226,1644 HILLSIDE AVE,VICTORIA,BC,V8T 2C5
0241,10108 JUBILEE RD,SUMMERLAND,BC,V0H 1Z0
0246,4429 KINGSWAY,BURNABY,BC,V5H 2A1
0501,685 MCCOWAN RD,SCARBOROUGH,ON,M1J 1K2
0615,20 WARREN AVE,OSHAWA,ON,L1J 0A1
0635,2515 BANK ST,OTTAWA,ON,K1V 8R9
0653,2015 LONG LAKE RD,SUDBURY,ON,P3E 4M8
0655,25 BRUNETVILLE RD,KAPUSKASING,ON,P5N 2E9
0660,17600 YONGE STREET,NEWMARKET,ON,L3Y 4Z1
0700,5100 RUTHERFORD RD,WOODBRIDGE,ON,L4H 2J2
0740,777 GUELPH LINE,BURLINGTON,ON,L7R 3N2
0744,550 KERR STREET,OAKVILLE,ON,L6K 3C7
0788,77 CLARENCE ST.,PORT COLBORNE,ON,L3K 3G2
0794,150 MAIN STREET E,GRIMSBY,ON,L3M 1P1
0871,45 OVERLEA BLVD.,TORONTO,ON,M4H 1C3
0914,248 MANITOBA STREET,BRACEBRIDGE,ON,P1L 2E1
0918,5899 LESLIE ST.,TORONTO,ON,M2H 1J8
0919,6205 BATHURST ST.,NORTH YORK,ON,M2R 2A5
0980,2900 WARDEN AVE,SCARBOROUGH,ON,M1W 2S8
1090,190 NORTHFIELD DRIVE WEST,WATERLOO,ON,N2L 0C7
1098,3163 WINSTON CHURCHILL BLVD,MISSISSAUGA,ON,L5L 2W1
1247,66 JOSEPHINE ST,NORTH BAY,ON,P1B 0A7
1249,784 TAUNTON ROAD EAST,OSHAWA,ON,L1K 1B7
1253,1473 QUEEN STREET WEST,TORONTO,ON,M6R 1A1
1375,1 BASS PRO MILLS DRIVE,VAUGHAN,ON,L4K 5W4
1411,5175 VICTORIA AVE,NIAGARA FALLS,ON,L2E 4E4
1460,1341 MAIN STREET WEST,HAMILTON,ON,L8S 1C6
1501,50 MAIN STREET EAST,BEETON,ON,L0G 1A0
1854,2500 DES PROMENADES BLVD,DEUX MONTAGNES,QC,J7R 6L2
2008,6025 ALMON STREET,HALIFAX,NS,B3K 1T9
2109,7820 WILLIAMS ROAD,RICHMOND,BC,V7A 1G3
2212,8962 152ND STREET,SURREY,BC,V3R 4E4
2226,5240 DOMANO BLVD.,PRINCE GEORGE,BC,V2N 4A1
2235,7538 120TH STREET,SURREY,BC,V3W 3N1
2275,1202 WEST PENDER STREET,VANCOUVER,BC,V6E 2S9
2283,4827 KINGSWAY,BURNABY,BC,V5H 4T6
2290,32390 SOUTH FRASER WAY,ABBOTSFORD,BC,V2T 1X2
2297,525 HIGHWAY 97 S,WEST KELOWNA,BC,V1Z 4C9
2312,9925 78Th STREET,PEACE RIVER,AB,T8S 1Z9
2356,19369 SHERIFF KING STREET SW,CALGARY,AB,T2X 0T9
2457,415 HEROLD COURT,SASKATOON,SK,S7V 0A7
0019,550 BOUL. LAFLECHE,BAIE-COMEAU,QC,G5C 1C3
0029,901 STE CATHERINE EST,MONTREAL,QC,H2L 2E5
0067,2625 BOUL. ROSEMONT EST,MONTREAL,QC,H1Y 1L1
0238,3020 WEST BROADWAY,VANCOUVER,BC,V6K 2H1
0362,2045 MAYOR MAGRATH DR. #1,LETHBRIDGE,AB,T1K 2S2
0363,8330 82ND AVENUE,EDMONTON,AB,T6C 4E3
0424,5060 4TH AVENUE,REGINA,SK,S4T 0J6
0537,2211 PEMBINA HIGHWAY,WINNIPEG,MB,R3T 2H1
0645,279 YONGE STREET,BARRIE,ON,L4N 7T9
0659,1111 DAVIS DRIVE,NEWMARKET,ON,L3Y 8X2
0715,111B GARRISON VILLAGE DR,NIAGARA ON THE LAKE,ON,L0S 1J0
0792,286 BUNTING RD,ST. CATHARINES,ON,L2M 7S5
0798,42 ST.ANDREWS AVENUE,GRIMSBY,ON,L3M 3S2
0827,70 EGLINTON SQUARE BLVD,TORONTO,ON,M1L 2K1
0855,1400 NEILSON ROAD,SCARBOROUGH,ON,M1B 0C2
0901,7235 BELLSHIRE GATE,MISSISSAUGA,ON,L5N 8A2
0954,900 ALBION RD,TORONTO,ON,M9V 1A5
0985,200 BAY ST,TORONTO,ON,M5J 2J3
0992,1400 OTTAWA STREET SOUTH,KITCHENER,ON,N2E 4E2
1017,1875 LANSDOWNE STREET WEST,PETERBOROUGH,ON,K9K 0C9
1053,232 CANNON STREET EAST,HAMILTON,ON,L8L 0A9
1067,410 TALBOT ST.W,ST. THOMAS,ON,N5P 1B9
1123,330 NOTRE DAME ST.,BELLE RIVER,ON,N0R 1A0
1190,500 GRANTHAM AVE,ST. CATHARINES,ON,L2M 3J7
1206,1450 HEADON ROAD,BURLINGTON,ON,L7M 3Z5
1255,1015 LAKE SHORE BLVD EAST,TORONTO,ON,M4M 1B4
1368,7900 MCLAUGHLIN ROAD,BRAMPTON,ON,L6Y 5A7
1408,55 BLOOR STREET WEST,TORONTO,ON,M4W 1A5
1534,320 ARUNDEL STREET,THUNDER BAY,ON,P7A 1L3
1834,805 MONTEE MASSON,MASCOUCHE,QC,J7K 3G1
2225,879 MARINE DRIVE,NORTH VANCOUVER,BC,V7P 1R7
2256,500 2ND AVENUE,PRINCE RUPERT,BC,V8J 3T6
2257,1235 MAIN STREET,SMITHERS,BC,V0J 3W0
2263,16050 24TH AVENUE,SURREY,BC,V3Z 0R5
2315,11962 104 AVENUE NW,EDMONTON,AB,T5K 0G6
2346,41 RAILWAY AVE WEST,DRUMHELLER,AB,T0J 3R0
2505,2512 MAIN STREET,WINNIPEG,MB,R2V 4Y1
0017,1075 BOUL. FIRESTONE,JOLIETTE,QC,J6E 6X6
0058,1495 VAN HORNE,MONTREAL,QC,H2V 1L3
0114,3 HELEN TULK DRIVE,BISHOP'S FALLS,NL,A0H 1C0
0137,6139 QUINPOOL RD,HALIFAX,NS,B3L 4P6
0167,160 HEBERT BLVD,EDMUNDSTON,NB,E3V 2S7
0193,175 OLD HAMPTON RD,QUISPAMSIS,NB,E2E 4Y7
0203,1301 MAIN ST,PENTICTON,BC,V2A 5E9
0221,1212 DOUGLAS ST,VICTORIA,BC,V8T 4L2
0239,310 8TH ST,COURTENAY,BC,V9N 1N3
0401,2995 2ND AVE W SOUTH HILL MALL,PRINCE ALBERT,SK,S6V 5V5
0413,610 TAYLOR STREET EAST,SASKATOON,SK,S7H 1V8
0500,1630 DANFORTH AVE,TORONTO,ON,M4C 1H6
0542,2025 CORYDON AVE,WINNIPEG,MB,R3P 0N5
0616,300 TAUNTON RD E,OSHAWA,ON,L1G 7T4
0675,910 DUNDAS ST  W,WHITBY,ON,L1P 1P7
0694,930 NORTH PARK DR,BRAMPTON,ON,L6S 3Y5
0731,563 HIGHLAND ROAD WEST,KITCHENER,ON,N2M 5K2
0756,999 UPPER WENTWORTH ST.,HAMILTON,ON,L9A 4X5
0762,2670 TECUMSEH RD W.,WINDSOR,ON,N9B 3P9
0791,5425 CREDITVIEW  RD,MISSISSAUGA,ON,L5V 2P3
0799,6565 LUNDY'S LANE,NIAGARA FALLS,ON,L2G 1V1
0845,415 THE WESTWAY,ETOBICOKE,ON,M9R 1H5
0878,478 DUNDAS STREET W,OAKVILLE,ON,L6H 6Y3
0902,7070 MCLAUGHLIN RD,MISSISSAUGA,ON,L5W 1W7
0917,4865 LESLIE ST.,TORONTO,ON,M2J 2K8
1034,420 LYNDOCK ST.,CORUNNA,ON,N0N 1G0
1054,25 HAMILTON ST N,WATERDOWN,ON,L8B 0E5
1175,19 STOVER ST N.,NORWICH,ON,N0J 1P0
1217,343 KENT STREET WEST,LINDSAY,ON,K9V 2Z7
1321,390 QUEEN'S QUAY WEST,TORONTO,ON,M5V 3A6
1328,603 FANSHAWE PARK ROAD WEST,LONDON,ON,N6G 5B3
1386,9980 DUFFERIN STREET,VAUGHAN,ON,L6A 4K5
1438,235 IRA NEEDLES,KITCHENER,ON,N2N 0B2
1517,368 BROCK ST S,WHITBY,ON,L1N 4K4
1847,995 WILFRID HAMEL BLVD,QUEBEC,QC,G1M 2R7
2260,120 CITY CENTRE,KITIMAT,BC,V8C 1T6
2273,5940 UNIVERSITY BLVD,VANCOUVER,BC,V6T 1Z3
2291,1966 GUTHRIE ROAD,COMOX,BC,V9M 3X7
2391,8756 COUNTRY HILLS BLVD NW,CALGARY,AB,T3G 0E2
2409,4718 50 STREET,STETTLER,AB,T0C 2L0
2446,5351 167 AVENUE NW,EDMONTON,AB,T5Y 0L2
3007,154 MEMORIAL AVE,PARKSVILLE,BC,V9P 2G4
0081,85 BOUL. BRIEN,REPENTIGNY,QC,J6A 8B6
0109,251 WATER ST,BOTWOOD,NL,A0H 1E0
0148,131 KING ST,NORTH SYDNEY,NS,B2A 3S1
0225,2271 HARVEY AVE,KELOWNA,BC,V1Y 6H2
0308,501 FIRST AVE S,LETHBRIDGE,AB,T1J 4L9
0314,3012 17TH AVE. S.E.,CALGARY,AB,T2A 0P9
0328,10955 23 AVE.,EDMONTON,AB,T6J 7B9
0548,1120 GRANT AVE,WINNIPEG,MB,R3M 2A6
0551,1485 PORTAGE AVE,WINNIPEG,MB,R3G 0W4
0626,888 MEADOWLANDS DR E,OTTAWA,ON,K2C 3R2
0702,25 PEEL CENTRE DR,BRAMPTON,ON,L6T 3R5
0718,2600 NEW LAKESHORE RD.,BRIGHT'S GROVE,ON,N0N 1C0
0808,3010 BLOOR ST  W,ETOBICOKE,ON,M8X 1C2
0813,725 COLLEGE STREET,TORONTO,ON,M6G 1C5
0880,1571 SANDHURST CIRCLE,SCARBOROUGH,ON,M1V 1V2
0910,1642 MERIVALE RD,OTTAWA,ON,K2G 4A1
0955,15408 YONGE ST.,AURORA,ON,L4G 1N9
0972,67 VICTORIA ST. E,ALLISTON,ON,L9R 1L5
1006,90 BOWES STREET,PARRY SOUND,ON,P2A 2L7
1080,1118 ADELAIDE ST N,LONDON,ON,N5Y 2N5
1089,615 SCOTTSDALE DRIVE,GUELPH,ON,N1G 3P4
1158,185 KING GEORGE RD.,BRANTFORD,ON,N3R 7R9
1279,446 HOLLANDVIEW TRAIL,AURORA,ON,L4G 3H1
1528,181 GREENBANK ROAD,OTTAWA,ON,K2H 5V6
1544,2794 VICTORIA PARK AVE,TORONTO,ON,M2J 4A8
1607,930 13IEME AVENUE NORD,SHERBROOKE,QC,J1E 3J7
1927,835 RENE-LEVESQUE OUEST,QUEBEC,QC,G1S 1T4
2113,20678 WILLOUGHBY TOWN CENTRE DRIVE,LANGLEY,BC,V2Y 0L7
2209,19150 LOUGHEED HIGHWAY,PITT MEADOWS,BC,V3Y 2H6
2223,150 ESPLANADE W,NORTH VANCOUVER,BC,V7M 1A3
2292,1295 SEYMOUR STREET,VANCOUVER,BC,V6B 3N6
2358,6302 50TH STREET,BEAUMONT,AB,T4X 0B6
2377,5970 MULLEN WAY NW,EDMONTON,AB,T6R 0S9
2419,777 NORQUAY DRIVE,WINKLER,MB,R6W 2S2
0117,143 BENNETT DRIVE,GANDER,NL,A1V 2E6
0118,390 TOPSAIL RD,ST. JOHN'S,NL,A1E 5Y7
0146,766 SACKVILLE DR,LOWER SACKVILLE,NS,B4E 1R7
0172,1040 PROSPECT ST,FREDERICTON,NB,E3B 3C1
0262,8305 MAIN ST,OSOYOOS,BC,V0H 1V0
0356,3625 SHAGANAPPI TRAIL N.W.,CALGARY,AB,T3A 0E2
0539,1555 REGENT AVE. W.,WINNIPEG,MB,R2C 4J2
0559,795 KEEWATIN ST.,WINNIPEG,MB,R2X 3B9
0588,350 ST. GEORGE STREET,MONCTON,NB,E1C 1X1
0604,1201 DIVISION ST,KINGSTON,ON,K7K 6X4
0623,2339 OGILVIE RD,OTTAWA,ON,K1J 8M6
0703,150 FIRST ST,ORANGEVILLE,ON,L9W 3T7
0721,499 HESPELER RD,CAMBRIDGE,ON,N1R 6J2
0755,75 CENTENNIAL PARKWAY N,HAMILTON,ON,L8E 2P2
0803,1500 AVENUE RD,TORONTO,ON,M5M 3X2
0903,3730 LAKE SHORE BLVD WEST,ETOBICOKE,ON,M8W 1N6
0953,111 ALBERT STREET,OTTAWA,ON,K1P 1A5
0968,301 OXFORD ST. W.,LONDON,ON,N6H 1S6
0970,14729 YONGE ST,AURORA,ON,L4G 1N1
1096,101 HOLIDAY INN DR,CAMBRIDGE,ON,N3C 1Z3
1103,199 SANDWICH  ST. S,AMHERSTBURG,ON,N9V 1Z9
1145,126 KING STREET  WEST,BROCKVILLE,ON,K6V 3R3
1232,180 DANFORTH AVE,TORONTO,ON,M4K 1N1
1326,3938 COTTRELLE BLVD,BRAMPTON,ON,L6P 2R1
1366,5230 MITCH OWENS ROAD,MANOTICK,ON,K4M 1B2
1414,260 QUEEN STREET WEST,TORONTO,ON,M5V 1Z8
1506,231 KING STREET WEST,PRESCOTT,ON,K0E 1T0
2014,660 PORTLAND STREET,DARTMOUTH,NS,B2W 2M8
2125,5955 MAIN STREET,OLIVER,BC,V0H 1T0
2221,1780 WEST BROADWAY,VANCOUVER,BC,V6J 1Y1
2230,5555 GILBERT ROAD,RICHMOND,BC,V7C 0B8
2366,19489 SETON CRESCENT SE,CALGARY,AB,T3M 1T4
2387,2067 33RD AVENUE SW,CALGARY,AB,T2T 1Z5
1932,698 RUE ST-JEAN,QUEBEC,QC,G1R 1P8
3075,1525 ALBION ROAD,ETOBICOKE,ON,M9V 5G5
1850,1768 BOUL DES LAURENTIDES,LAVAL,QC,H7M 2P6
3088,380 BOVAIRD DRIVE E,BRAMPTON,ON,L6Z 2S8
0260,2051 MCCALLUM RD,ABBOTSFORD,BC,V2S 3N5
1235,1971 SALEM ROAD NORTH,AJAX,ON,L1T 0J9
1242,2863 ELLESMERE RD,SCARBOROUGH,ON,M1E 5E9
0184,860 MOUNTAIN RD,MONCTON,NB,E1C 2N7
0569,62A WATER STREET,LA SCIE,NL,A0K 3M0
0084,6180 CHEMIN DE LA COTE-DES-NEIGES,MONTREAL,QC,H3S 1Z7
2224,14867 108TH AVE,SURREY,BC,V3R 1W2
0113,16 GOFF AVE,CARBONEAR,NL,A1Y 1A6
1547,181 MAIN STREET W,HAMILTON,ON,L8P 4S1
2126,4295 BLACKCOMB WAY,WHISTLER,BC,V8E 0X2
1540,359 RIVERSIDE DRIVE,SUDBURY,ON,P3E 1H5
2472,3709 CHUKA BLVD,REGINA,SK,S4V 3P7
0748,1011 UPPER MIDDLE RD,OAKVILLE,ON,L6H 4L5
3077,1983 COLUMBIA AVENUE,CASTLEGAR,BC,V1N 2W8
1031,123 MITTON ST S,SARNIA,ON,N7T 3C5
2392,6315 HORN STREET,RED DEER,AB,T4N 6H5
0566,350 MAIN STREET,WESLEYVILLE,NL,A0G 4R0
1273,298 DALHOUSIE STREET,OTTAWA,ON,K1N 7E7
0554,790 SHERBROOK ST.,WINNIPEG,MB,R3A 1M3
2285,260 4TH AVE,KIMBERLEY,BC,V1A 2R6
3045,1538 SHERBROOKE OUEST,MONTREAL,QC,H3G 1L5
1556,876 MONTREAL ROAD,OTTAWA,ON,K1K 4L3
3076,3320 RICHTER STREET,KELOWNA,BC,V1W 4V5
2469,2037 111 STREET NW,EDMONTON,AB,T6J 4V9
3038,55 DE L'EGLISE,MONTREAL,QC,H4G 3E7
3056,175 STILLVIEW ROAD,POINTE-CLAIRE,QC,H9R 4S3
2259,4634 PARK AVE,TERRACE,BC,V8G 1V7
0940,555 UNIVERSITY AVE.,TORONTO,ON,M5G 1X8
2335,40 SUNPARK PLAZA SE,CALGARY,AB,T2X 3X7
1519,701 SHEPPARD AVE EAST,TORONTO,ON,M2K 2Z3
2029,9 KINLOCK ROAD,STRATFORD,PE,C1B 1L8
3009,240 PENETANGUISHENE ROAD,MIDLAND,ON,L4R 4P4
2031,204 FRESHWATER ROAD,ST. JOHN'S,NL,A1C 2P5
1550,2446 BANK STREET,OTTAWA,ON,K1V 1A4
